title,sentiment_label
"Jan. 6 Capitol rioter conspired to kill federal agents, court records show",Negative
"Trump Ominously Evokes Jan. 6, Tells Backers It's Time To 'Deal With' FBI, DOJ 'Thugs'",Neutral
US attorney general moves to end crack cocaine sentencing disparities,Neutral
UC-Berkeley law school under federal investigation after Zionist speakers banned,Negative
Pelosi pushes to include TikTok ban in $1.7 trillion spending bill,Neutral
Trump calls on his supporters to stand down on McCarthy opposition,Neutral
Jim Jordan Outlines Plan of Attack Against Biden Administration,Neutral
Biden administration bracing for pre-Christmas border crisis,Neutral
Kansas lawmakers say they're getting closer to more easily expunging criminal records,Neutral
State Sen. Dallas Heard -- former leader of Oregon GOP -- resigns in middle of term,Neutral
GOP Rep. Dan Crenshaw says it's 'crazy' that Republicans put forward 'two 25-year-olds to be our nominees' in the midterms: 'We lost races we easily should have won',Negative
The Jan. 6 committee will take up criminal referrals against Donald Trump,Neutral
McCarthy’s Bruising Fight for House Speaker Doesn’t Seem To Be Getting Any Easier,Negative
Democrats urged to make public Michigan charter school financial records,Neutral
"DeSantis reverses himself on coronavirus vaccines, moves to right of Trump",Neutral
US-Africa summit: Joe Biden says US is 'all in' on Africa's future,Neutral
Tennessee man accused of plot to kill FBI agents in latest January 6 charges,Negative
"A Republican is seeking to throw out his daughter's absentee ballot after she voted for his Democratic opponent, a report says",Negative
Georgia grand jury investigating Trump election interference is winding down and has begun writing final report,Neutral
Why Democrats Feel Surprisingly Good Heading Into 2023 | President Biden’s polling has ticked upward. Gas prices are down. And Republicans are at loggerheads.,Positive
Federal judge to block part of California gun law modeled after Texas abortion ban,Neutral
U.S. poised to toughen ban on lucrative shark fin trade,Neutral
Top MAGA Republicans Descend on Arizona Amid Fury Over Donald Trump's NFTs,Neutral
Congress Still Pushing Dangerous ‘Online Safety’ Bill With A Few Flimsy Fixes That Don’t Really Fix Much,Negative
Arizona judge dismisses Mark Finchem's lawsuit seeking new election,Neutral
"Oppenheimer wrongly stripped of security clearance, US says",Negative
"Fed chair Powell on the U.S. labor shortage: COVID, retirements, missing immigrants",Neutral
Pax­ton Leads Coali­tion to Defeat DACA After Biden Admin­is­tra­tion Attempts to Sal­vage the Ille­gal Immi­gra­tion Policy,Neutral
"Trump, covid slowed down immigration. Now employers can’t find workers.",Negative
Arizona judge dismisses Finchem’s election challenge in secretary of state race,Neutral
"One man seeks to ban 3,600 LGBTQ+ and anti-racist books from Florida schools. He has succeeded in getting 102 books banned from library shelves even though he's admitted that he hasn't read most of the books he objects to.",Neutral
Steve Bannon Touts Ron DeSantis After Expressing Frustration With Trump,Neutral
Saturday Political Cartoon Thread,Neutral
Steve Bannon Touts Ron DeSantis After Expressing Frustration With Trump,Neutral
EFF to Court: No Qualified Immunity for Wrongful Arrest of Independent Journalists,Negative
"Congress Just Passed $858 Billion Military Budget, But GOP Is Blocking $12 Billion to Fight Child Poverty|""This isn't using our taxpayer dollars wisely,"" said one analyst. ""It's robbing programs that we need.""",Negative
Senate votes down proposal to greenlight the Mountain Valley Pipeline,Neutral
"January 6 committee expected to recommend Donald Trump faces at least 3 criminal charges, including insurrection, reports say",Neutral
Majority Whip Clyburn commends house passage of legislation to make ride-hailing safer,Positive
"Biden vs. Trump? In 2022, there was a clear winner and a clearer loser",Neutral
Appeals court denies GOP-led effort to retain Title 42 immigration policy,Neutral
Kari Lake Slams 'Bastards' In NSFW Election Rant At Mar-A-Lago,Negative
North Carolina Supreme Court rejects 'racially discriminatory' voter ID law and state electoral map,Neutral
Mark Your Calendars: Monday Is “Trump Criminal Referral Day” for the Jan. 6 Panel,Neutral
"Lauren Boebert, Far-Right Firebrand, Wins Re-election After Recount",Neutral
A Slow-Motion Government Face-Plant,Neutral
Ex-House members demand probe into sitting lawmakers linked to Jan. 6,Neutral
"Kevin's dilemma: Even if McCarthy finally wins the speakership, it won't be much fun",Negative
"Trump May Face 25 Years in Prison, Be Blocked From Future Office: Kirschner",Negative
Democrats eye renewable energy reform. A mid-Michigan county may be a model,Neutral
"Georgia House representative-elect charged with taking medications from assisted living home, deputies say",Negative
DeSantis tacks further right amid 2024 speculation,Neutral
Developers Found Graves in the Virginia Woods. Authorities Then Helped Erase the Historic Black Cemetery,Neutral
Trump compares US to a person dying from cancer in furious Truth Social rant as Jan 6 criminal referrals loom,Negative
U.S. Senate confirms first Black woman to conservative-leaning 5th Circuit,Neutral
Inside The Ugly Fight To Become The Next Republican Chair,Negative
Garland moves to end disparities in crack cocaine sentencing,Neutral
Post-Roe v. Wade fears realized as Trump judge approves contraception suit,Neutral
US buying 3M barrels of oil to start replenishing reserves,Neutral
Constitutional Disqualification: The case for investigating federal and state legislators who participated in the January 6th Insurrection,Neutral
From US president to NFT salesman – has Trump finally hit rock bottom?,Negative
Virginia Democrats vow to defeat Youngkin’s 15-week abortion ban proposal,Neutral
The student loan company that could topple Biden’s debt relief plan,Negative
Bass issues sweeping directive to fast track affordable housing projects,Neutral
"What Trump promised, Biden seeks to deliver in his own way",Neutral
People addicted to opioids rarely get life-saving medications. That may change.,Negative
"Katie Porter Did Not Say Pedophilia Isn't a Crime, as Claimed in False Tweet",Negative
Utah senator proposes bill to ban internet porn in US,Neutral
South Carolina seeks to defend newly-won turf in Democratic primary,Neutral
Reno mayor sues after finding tracking device on vehicle,Negative
"Texas still sees racial disparities in maternal deaths, a new report finds",Negative
Senators move to protect IVF treatments,Neutral
"Opposition to School Vaccine Mandates Has Grown Significantly, Study Finds",Neutral
'You Don't Get to Lead a Government You Tried to Destroy': House Dems Move to Block Trump 2024 Run,Negative
Busted: Watch DeSantis take credit for vax before pandering to conspiracy theorists,Negative
Governor Hochul Signs Legislation to End the Puppy Mill Pipeline,Neutral
Wisconsin Republican leaders unified in opposition to train,Neutral
Arizona Republican loses election lawsuit in secretary of state race,Negative
Joe Kennedy III set to be named as US special envoy to Northern Ireland,Neutral
Jan. 6 committee eyes referring criminal charges for Trump,Neutral
California county considers secession to become new US state,Neutral
Christian nationalists: Wanting to put God into US government,Neutral
Kellyanne Conway condones more attacks on drag shows,Negative
Major Southern California county considers seceding from state,Neutral
Chuck Schumer scrambles to save the marijuana banking bill he blocked last year,Neutral
Why a Trump Criminal Referral Would Be So Historic,Neutral
Jan. 6 committee to vote on at least three criminal referrals targeting Trump: reports,Neutral
"House committee investigating Capitol riots to vote on recommending criminal charges be pursued against Donald Trump, reports",Neutral
"After Abrams loss and Warnock win, where do Georgia Dems go from here?",Neutral
US to end crack and powder cocaine sentencing disparity,Negative
Republicans Are Already Lining Up to Oppose Kevin McCarthy's Key Promise,Negative
Secret Service under scrutiny ahead January 6 committee’s final report,Neutral
New Georgia House member arrested on drug and theft charges,Negative
Trump Omits Dinner With White Nationalist In Speech To Jews,Neutral
Report: DeSantis program has hired just 7 veterans to become Florida teachers,Neutral
McCarthy can’t shake his problem with GOP’s ‘Knucklehead Caucus’,Negative
"""I am changed,"" Whitmer says in comments played as three men are sentenced for kidnapping plot",Neutral
"Jan. 6 Panel Plans Vote on Referring Trump for Insurrection, Other Criminal Charges",Neutral
"Governor-elect Wes Moore, family tours Government House with outgoing Gov. Larry Hogan",Neutral
McCarthy says hardliners ‘have not moved’ in opposition to speaker’s bid and could put GOP agenda ‘in jeopardy’,Negative
Justice Dept. Examines Emails from Trump Lawyers in Fake Elector Inquiry,Neutral
Pelosi backs adding TikTok government device ban to funding bill,Neutral
"McCarthy, McConnell find they’re once again not on the same page",Negative
Schumer makes last-ditch push for cannabis banking bill,Neutral
Jan. 6 panel to vote on urging DOJ to prosecute Trump on at least three criminal charges,Neutral
Biden signs bill to keep government open through Dec. 23,Neutral
Judge to halt provision making California gun suits costlier,Negative
Ron DeSantis Is the GOP’s Radical Lightweight,Neutral
Spanberger wins Democratic leadership post for battleground districts,Neutral
New Georgia House Republican arrested on drug and theft charges,Negative
"January 6 Panel Considering at Least 3 Criminal Charges Against Trump, Including Insurrection",Neutral
Garland orders end to cocaine sentencing disparities,Neutral
Jan. 6 Committee to Vote on Recommending Criminal Charges for Trump,Neutral
Jan. 6 committee preparing Trump criminal referral to DOJ: Sources,Neutral
Republican Senator Pushes Law to Effectively Outlaw Online Porn Nationwide,Neutral
Jan. 6 panel to vote on urging DOJ to prosecute Trump for at least three criminal charges,Neutral
‘Surreal spectacle’: US botched 35% of execution attempts this year,Negative
January 6 panel considering Trump referral to justice department for obstruction of Congress,Neutral
Marjorie Taylor Greene 'Protected' From Arrest Over Jan. 6 Comment,Neutral
Key House committee to hold high-stakes meeting on Trump's taxes Tuesday,Neutral
All but 16 House Republicans vote against bill to allow Puerto Rico to decide its future,Neutral
The rapid rise and rapid fall of a bipartisan immigration deal | The door was open to a bipartisan compromise on immigration policy. Republicans appear to have closed that door altogether.,Neutral
The Republican Party Is in a Strange Place: They don’t have a Trump problem. They have a voter problem.,Negative
NC Supreme Court strikes down voter ID constitutional amendment,Neutral
‘Potus Is Going To Need Some Warriors:’ Texts Show Former Cabinet Secretary’s Effort To Oust His Rivals,Neutral
Incoming Senate GOP campaign chair Daines pledges to 'do whatever it takes to win',Neutral
Sen. Chuck Schumer Can Pass Landmark Antitrust Bills Right Now. Why Isn’t He?,Neutral
"Biden begins to refill Strategic Petroleum Reserve, while Keystone Pipeline leak prompts new emergency exchange",Neutral
Jan. 6 Committee To Vote On Riot Criminal Referrals,Neutral
Court Reveals Details In DOJ Probe Of Rep. Scott Perry; TPM,Neutral
"U.S. attorney general moves to end sentencing disparities on crack, powder cocaine",Neutral
Idaho Congressmen Copy-Pasted Letters From Pipeline Giants,Neutral
DeSantis Hints At Support For 6-Week Abortion Ban In Florida,Neutral
They Fought for Their Country—and Then Were Deported by It: Should taking up arms for the United States protect one from being kicked out of it? The House just said yes. Now it’s up to the Senate.,Neutral
Americans Want More Affordable Housing — Just Not Nearby,Neutral
"Judge unseals new details of contacts among Rep. Perry, Trump-connected attorneys",Neutral
"How to Hand Out Billions in Climate Subsidies? Very Carefully. John Podesta, the White House aide overseeing new tax credits, said rules were expected to be in place within months. Avoiding waste and fraud is a priority.",Neutral
"Federal investigators have accessed emails of Rep. Scott Perry, John Eastman and other Trump allies in 2020 efforts",Neutral
"Inside Mar-a-Lago, Where Thousands Partied Near Secret Files",Neutral
"Voter ID, partisan gerrymandering struck down in NC rulings just before court flips to GOP",Neutral
The lame-duck Senate has a new bill to protect the census after Trump's interference,Neutral
Maricopa County expects to have its recount completed this week,Neutral
The Porn Industry Is Worried That a Republican Senator Wants to Ban Porn,Negative
Bagby drops out of congressional race and endorses McClellan,Neutral
Free Chat Friday Thread,Neutral
Ky. Supreme Court rules against Republican-backed school choice law,Neutral
Mark Meadows Exchanged Texts With 34 Members Of Congress About Plans To Overturn The 2020 Election,Neutral
House Democrats introduce bill to bar Trump from office under 14th Amendment,Neutral
Sununu on 2024: GOP is ‘moving on’ from Trump,Neutral
US set to name Joe Kennedy as Northern Ireland envoy,Neutral
Inside Hakeem Jeffries’ Quiet Standoff With the Left,Neutral
GOP lawmakers accuse investment firms of breaking a law that prohibits divesting from oil and gas,Negative
Trump blasts polling that shows DeSantis surging: ‘Leading by a lot’ in ‘REAL POLLING’,Neutral
"Can Child Care Be a Big Business? Private Equity Thinks So. | Some high-end chains are surprisingly profitable, and they are trying to shape child care policy in Washington.",Positive
Pelosi backs adding TikTok government device ban to funding bill,Neutral
The MAGA Congress—and Its New BFFs (Best Fascist Friends),Negative
Inside the ugly fight to become the next Republican chair,Negative
Texas GOP lawmaker hires Christian nationalist who called for drag show attendees to be executed,Negative
DeSantis has $60 million left from the election. What will he do with that pot of gold?,Neutral
"Death penalty: U.S. carried out historically few executions in 2022, but 1 in 3 were 'botched'",Negative
"After a Texas National Guard member died, his family got no financial payment. Lawmakers want to change that.",Negative
Student loan forgiveness is headed to the Supreme Court. What that means for the payment pause,Neutral
"So long, California: Major county votes to study secession",Neutral
Opinion | Big Oil Companies Are Bullies Who ‘Want to Be Seen as Good Guys’,Negative
Kinzinger: GOP's 'Limited Government' Means 'Violence Against Government Officials',Negative
"New York bans pet stores from selling cats, dogs and rabbits",Neutral
"Citing Agreement With Biden, Sanders Withdraws Yemen War Powers Resolution",Neutral
Can politics kill you? Research says the answer increasingly is yes.,Neutral
"Trump and his movement are symptoms of America's profound disorder — but not the cause | In a culture of pathological distraction where half the population is semi-literate, this isn't a huge surprise",Negative
How Trump and Elon build their cults: Exploiting right-wing insecurity,Neutral
It’s Well Past Time to End the President’s Covid-Emergency Powers,Neutral
US judge blocks Biden bid to end 'Remain in Mexico' policy,Neutral
Mayor Adams tells progressives who bash the rich to ‘leave’ NYC,Neutral
Opinion | Is Kevin McCarthy okay?,Neutral
"In farewell speech, Rep. Adam Kinzinger warns GOP ‘has embraced lies and deceit’",Negative
Donald Trump's trading cards have sparked a Republican meltdown,Negative
"Americans still support asylum for immigrants fleeing persecution, poll finds",Neutral
62 Things Trump Did That You Forgot About To Preserve Your Sanity,Negative
Step aside Florida and Ohio. Georgia is ready to be a political battleground,Neutral
Conservative donors pour ‘dark money’ into case that could upend US voting law,Negative
Ticketmaster faces antitrust investigations and congressional hearings in wake of botched Taylor Swift presale,Negative
Senate passes $858bn defense bill that rescinds army Covid vaccine mandate,Neutral
Virginia Delegation Urges Senate Vote to Remove Time Limit for Ratification of Equal Rights Amendment,Neutral
Senate GOP faces politics vs. policy battle on marijuana,Neutral
Newly-elected State House member Republican Daniel Rampey of Statham arrested on drug charge,Neutral
Jill Biden makes a tidal shift from her thoughts on another run at the White House,Neutral
"Senate passes temporary spending bill, averting shutdown as talks go on",Neutral
Nebraska Gov. Pete Ricketts to seek Senate seat held by Ben Sasse,Neutral
House Democrats introduce legislation to bar Trump from office under 14th Amendment,Neutral
"Pay raise, Ukraine aid, suicide prevention: Congress OKs $858 billion in Defense spending",Neutral
Reporter ‘alarmed at the intelligence level of some of our reps’ based on Meadows texts,Neutral
Oregon judge halts voter-approved high-capacity magazine ban,Neutral
Three militia members sentenced in plot to kidnap Michigan Democratic Gov. Whitmer,Neutral
Senate passes defense bill that rescinds military Covid vaccine mandate,Neutral
Washington man charged with leaving more than 400 threatening voicemails for members of Congress,Negative
Federal judge says Biden can't yet end Trump-era 'Remain in Mexico' immigration policy,Neutral
Florida Senate President open to expanding 'Don't Say Gay' law to cover more grades,Neutral
Senate sends $858 billion defense bill to Biden’s desk,Neutral
Drop the Charges Against Julian Assange,Neutral
Why Congress Can’t Stop the CIA From Working With Forces That Commit Abuses,Negative
Fact check: Republican congressman falsely claims Democratic congresswoman said pedophilia isn't a crime,Negative
Congress passes bipartisan bill to fund police de-escalation training,Neutral
Elon Musk's 'Twitter Files' have House GOP weighing congressional investigation,Neutral
Discipline Crackdown Freaks Out Parents in Florida Schools,Negative
Senate rejects Manchin’s energy permitting amendment to defense bill,Neutral
Mark Meadows May Be 'Cooperating Witness' Against Trump: Glenn Kirschner,Neutral
New Hampshire Gov. Sununu says ‘we’re moving on’ from Trump,Neutral
DeSantis Sucks Up to the Anti-Vax Crowd,Negative
Moderate Republicans weigh hardball tactics to counter anti-McCarthy crew,Neutral
How Biden’s FCC nominee became a major campaign target,Neutral
Ron DeSantis’s vaccine “investigation” is all about beating Trump,Neutral
"Dangerous ""Kids Online Safety Act"" Does Not Belong in Must-Pass Legislation",Negative
Joe Biden’s ‘protectionism’ is good for America — if done carefully,Positive
"Trump vows ‘free speech’ reform of government, universities, media, tech firms if elected in 2024",Neutral
Oregon Measure 114′s ban on sale of large-capacity magazines blocked by Harney County judge,Neutral
Attorney disciplinary committee recommends sanctions for Giuliani over election claims,Neutral
U.S. FTC asks Twitter if it has resources to comply with consent decree,Neutral
"Trump downplayed drumbeat of intelligence warnings on covid, report finds",Neutral
"White House reveals winter COVID-19 plans, more free tests",Neutral
Biden mocks Trump's 'major announcement' on NFT 'trading cards' by touting his administration's recent wins,Neutral
Trump vows to ban feds from ID-ing domestic ‘misinformation’ if elected,Neutral
Joe Biden Trolls Donald Trump With Some 'Major Announcements' Of His Own,Neutral
House passes bill calling for referendum on Puerto Rico statehood,Neutral
"GOP Senators Slam FBI, Justice Department Over Shireen Abu Akleh Probe. Republican senators warn that launching an FBI-led investigation into the killing of the Palestinian-American journalist will harm U.S-Israeli relations whilst Democrats pressure Biden on firm stance against Israel.",Negative
House approves referendum to 'decolonize' Puerto Rico,Neutral
"Last-minute push to pass bipartisan immigration deal fails, dooming yet another reform effort",Negative
Florida schools roll back LGBTQ+ policies to comply with Don’t Say Gay law | Ten county school districts were put on notice last month that some of their policies and procedures “may not comport with Florida law.”,Negative
An early Democratic presidential primary in Georgia depends on Republicans,Neutral
"Ron DeSantis’s Pandemic McCarthyism May Backfire on Him — The Florida governor’s cynical ploy is to signal to rank-and-file Republicans: Look, I can investigate people, too!",Negative
McCarthy's ongoing speaker battle paralyzes House,Neutral
"House passes bill allowing Puerto Rico to vote on statehood, independence",Neutral
Sam Bankman-Fried’s Crypto Scam Is Business as Usual,Neutral
National Archives releases thousands of JFK assassination records,Neutral
Cawthorn faces $193K lawsuit over unpaid legal bills,Negative
Democrats are pushing marijuana policy and a child tax credit in an end-of-year spending bill,Neutral
Poll Shows 'Critical Race Theory' Attacks Flopped In Midterms,Neutral
"Sinema files campaign papers, but re-election decision unclear",Neutral
"Ohio GOP Rep. Admits Abortion and Redistricting Are Top Two Reasons to Pass Law Making it Harder to Amend Ohio Constitution | Publicly, Republicans have said that's not the case. Privately, however...",Neutral
Democracy for America on track to shut down,Negative
Biden announces support for Sen. Joe Manchin's federal energy permitting plan,Neutral
Puerto Rico Status Act approved by the US House of Representatives,Neutral
Company in Probe of Dem Senator Bob Menendez Tied to His Crooked Donors,Neutral
Newly Revealed Texts Show Mark Meadows Is a Liar | The messages contrast sharply with his account of the aftermath of the 2020 election.,Negative
CDC removed stats on defensive gun use over pressure from gun control activists: Report,Neutral
House passes legislation that would allow Puerto Rico to vote on statehood | The Puerto Rico Status Act would provide for a binding referrendum on statehood for the US territory,Neutral
Oregon's LGBTQ community worries that a new law will keep them from obtaining guns,Neutral
Biden roasted for sending South Africa $8 billion to shut down coal plants: ‘Weapon-grade lunacy’,Negative
Biden mocks Trump’s ‘major announcement’ of digital trading cards,Neutral
"Texas AG Paxton Wants to Build A Registry Of Trans People, But He Won't Say Why",Neutral
Republican Squabbling Heats Up Over Spending And Strategy,Negative
Dubious Challenges to Biden’s Student-Debt Order Keep Piling Up at the Supreme Court,Neutral
Trump says he’d ban government from labeling speech as misinformation,Neutral
Senate votes to ban TikTok use on government devices,Neutral
"Rail workers air their frustrations with rallies, vote",Negative
"Poll: Americans want compromise, but have no confidence Congress will work together",Negative
Georgia's top election official calls for end to runoffs in the state,Neutral
"Biden and Senate Democrats set to close out historic 2 years in judicial confirmations, pledging more",Neutral
House passes bill to extend government funding for 1 week,Neutral
Kinzinger says Trump ‘absolutely guilty’ of crimes ahead of Jan. 6,Negative
Oregon Gov. Kate Brown explains why she commuted all of her state's death sentences,Neutral
"Rudy Giuliani Likely Committed Misconduct Over 2020 Election, DC Bar Panel Finds: Rudy Giuliani Likely Committed Misconduct Over 2020 Election, DC Bar Panel Finds Ethics attorney alleged he ‘weaponized his law license’ - Panel’s decision is a preliminary finding and not final",Negative
"Marjorie Taylor Greene is outraged that doctors oppose her anti-trans kids bill | The American Association of Pediatrics said that affirming trans youth's gender is ""best-practice medical care."" That set Greene off.",Negative
Falling inflation rates are great news — unless you’re a GOP politician,Positive
"U.S. Senate must work quickly to pass stopgap funding bill, Schumer says",Neutral
Breast Milk Pumping Law Imperiled By Airlines,Neutral
"Federal push for emissions tracking reveals split among state DOTs | The new president of the American Association of State Highway and Transportation Officials is making climate resilience a priority, but emission reductions are a trickier question",Neutral
Trump Special Counsel Subpoena Shows New Grand Jury in Place Through March Latest grand jury is active to consider evidence into 2023 Subpoena recipients aren’t bound by strict secrecy rules,Neutral
'Chilling': Republican State AG's Office Sought List of Trans Texans,Neutral
Has Marjorie Taylor Greene finally gone too far?,Neutral
Republican Lawmakers Blame 'Both Sides' for Anti-LGBTQ+ Violence,Negative
Utah Senate President Stuart Adams received trip to World Cup paid for by Qatar government,Neutral
US House votes to remove bust of judge who wrote Dred Scott decision defending slavery,Neutral
"Anti-abortion pregnancy centers are deceiving patients – and getting away with it | One Florida case shows just how little authorities are doing to hold pregnancy centers accountable, even when the risks to women – and evidence – are significant",Negative
Senate passes bill to ban TikTok on U.S. government-issued devices,Neutral
‘Do Your Job’: Chip Roy Urges McConnell to Block New Spending Until Next Congress,Neutral
The Special Counsel Investigation Into Trump Is Moving Fast,Neutral
Thurgood Marshall Bust to Replace Roger Taney in Capitol,Neutral
"Georgia Republicans, suddenly losing runoffs, float nixing runoffs",Negative
Rubio urges U.S. to deny request for undersea internet cable connecting Miami and Cuba,Neutral
Drawing the line between terrible judging and judicial misconduct,Negative
Chuck Schumer predicts Democrats will hold the Senate majority again in 2024,Neutral
"Donald Trump Mocked With Jokes, Memes After Superhero Announcement",Negative
Brad Raffensperger Says Georgia Should Quit Holding General Election Runoffs,Neutral
Voters in five Texas cities approved decriminalizing marijuana. Now city officials are standing in the way.,Neutral
"U.S. should've spied on Chinese health officials who were hiding what they knew about Covid, Congress says | A report from Democrats on the House Intelligence Committee also says U.S. intelligence agencies have failed to fix shortcomings and aren’t prepared for the next pandemic.",Negative
Ballot measures on weed and abortion won in 2022. Now they're fueling a backlash,Negative
Donald Trump teases major announcement on Truth Social,Neutral
Texas fights federal rule that would outlaw LGBTQ discrimination in state adoptions and foster care,Neutral
DeSantis builds his conservative resume as Trump flounders,Neutral
Youngkin calls for revolution in mental health care,Neutral
"Biden official hid info about meetings with George Soros, Hillary Clinton, Nancy Pelosi from public",Neutral
Non-binary Biden nuclear official Sam Brinton fired after multiple luggage theft charges: reports,Negative
Congress Wants to Boot Russia From U.N. Security Council,Neutral
Elizabeth Warren Says Jerome Powell's Trying To Get People Fired,Neutral
Peter Thiel calls midterms ‘not merely disastrous but also depressing’ for GOP,Negative
DeSantis’ Death Squad Is Pushing Vaccine Bullshit to Win Over GOP,Negative
Biden administration proposes crackdown on scam Medicare ads,Neutral
Lawmakers propose raising teachers' minimum salaries to $60K to stem 'mass exodus',Neutral
Gallego says ‘some senators’ have encouraged him to run against Sinema,Neutral
Democrats more likely to see antisemitism as a problem than Republicans,Negative
Biden announced the launch of a new Digital Transformation with Africa,Neutral
Democrats Want To Put Abortion On The Ballot — But Many States Won’t Let Them,Negative
"Free PACER Would Pretty Much Be Free, Says CBO, Undercutting Federal Judiciary’s Ridiculous $2 Billion Estimate",Neutral
Biden administration warns of potential influx of migrants immediately after Title 42 ends,Neutral
Fauci responds to DeSantis’ call for COVID-19 vaccine investigation,Neutral
Senate passes bill to ban TikTok on government devices,Neutral
Trump hits 7-year low in new national poll as Biden approval climbs,Neutral
"White Nationalists, Other Republicans Brace for ‘Total War’",Negative
Lowest Opinion Of Trump Among Voters In Seven Years Quinnipiac University National Poll Finds; Biden Approval Rating Climbs,Negative
House passes stopgap bill to avert shutdown at end of the week,Neutral
Democrats set to pick star power over seniority for top oversight job,Neutral
String of polls show Trump is bleeding GOP base support,Negative
"Voters have lowest opinion of Donald Trump since 2015, poll shows",Negative
"Despite midterm success, Democrats struggle to find next campaign chiefs",Negative
Opinion | Trump Made a Huge Mistake by Announcing Early,Negative
Statement from President Joe Biden Marking 10 Years Since the Sandy Hook Shooting,Neutral
Democrats ask consulting firms for information on retired military officers advising foreign governments,Neutral
Biden admin sues Arizona over creation of shipping container border wall to stop illegal immigration,Neutral
"By every measure, Ron DeSantis’ newest Covid gambit is a tragedy",Negative
"Climate change, wildfires and a deadly fungus threaten this iconic tree: The U.S. Fish and Wildlife Service announced that it is listing the whitebark pine as threatened under the Endangered Species Act",Negative
Kevin McCarthy Isn’t Jumping Off The Trump Train Any Time Soon,Neutral
"Suspect in Paul Pelosi attack claimed ‘evil in Washington’ for wanting to harm House speaker | Officer who interviewed David DePape after the attack testified he also wanted to target Hunter Biden, Tom Hanks and Gavin Newsom",Negative
Trump sues Pulitzer board for defamation in defending winning Russia collusion stories,Negative
Kyrsten Sinema’s defection is nothing compared to Kevin McCarthy’s speaker vote nightmare,Negative
Republicans should be willing to make a deal on immigration,Neutral
West Virginia Republicans hit the ground running to topple Joe Manchin in 2024,Neutral
Richmond takes down its last major city-owned Confederate memorial,Neutral
"From the Death Penalty to Marijuana, Clemency is a Tool For Justice",Neutral
Trump Hoarded Most Of The $147 Million In Small-Donor Money He Raised For Himself,Neutral
"Oregon governor calls death penalty ‘immoral,’ commutes sentences for all 17 inmates on death row",Negative
Kyrsten Sinema Leaves Democrats In Awkward Spot Ahead Of 2024,Negative
Bipartisan marijuana legalization bill to be introduced in next legislative session,Neutral
MFP to Appeal Determination That Legislature Is Not A 'Public Body',Neutral
‘She Made an Idiot Out of Me’: Conversations with Kyrsten Sinema’s former canvassers reveal anger and disappointment with the newly independent senator from Arizona.,Negative
The United States Is Crime Sick. Healthcare Is the Cure. | Politicians on both sides of the aisle spent the midterms telling us that more police and prisons will make us safer. Voters didn’t bite—and perhaps they know better.,Negative
"Thanks to some procedural cunning, House staffers get overtime, paid parental leave benefits",Positive
First Thing: Ron DeSantis takes huge lead over Trump in Republican poll,Neutral
Even states that have already decriminalized marijuana use see fewer possession arrests after legalization,Neutral
"Antiabortion movement seeks to jail people for 'trafficking’ illegal pills | Six months after their Supreme Court victory, conservatives complain that strict new laws are not being sufficiently enforced",Negative
Biden calls for assault gun ban in 10th anniversary of Sandy Hook shooting,Neutral
"Joe Biden's border policies risk breaking my state, says governor in his own party",Negative
Inside the NYC Gala Where Young Republicans Declared ‘Total War’,Neutral
"Mitch McConnell is blocking all marijuana legislation in Congress, N.J.’s Booker says",Negative
Feds file lawsuit against Arizona over border wall made of shipping containers,Negative
Texts Show How Members Of Congress Advanced ‘Antifa’ Conspiracy Theories In The Wake Of Jan. 6,Neutral
Federal Reserve raises interest rates by 0.5%,Neutral
Texas anti-drag protest included Log Cabin Republicans & guns,Neutral
DeSantis holds double-digit lead over Trump among Tennessee Republicans: poll,Neutral
U.S. lawmakers introduce bill to restrict Huawei's access to banks,Neutral
Texas AG Tried to Get a List of Trans Residents … For Some Reason | The office of Ken Paxton’s request speaks to the increasing scrutiny and targeting of transgender individuals by GOP lawmakers,Neutral
Ronna McDaniel’s RNC Race Devolves Into a Rat’s Nest of Accusations,Negative
How Neighbors in the Borderlands Fought Back Against Arizona Gov. Doug Ducey’s Illegal Wall — and Won,Neutral
Sanders vows 'hard look' at backing Sinema opponent,Neutral
Mitch McConnell to republicans on midterms: I told you these weirdos would lose,Negative
Donald Trump teases ‘major announcement’ with superhero video,Neutral
"Club Q, Pulse Nightclub Survivors Testify Before Congress In Emotional Hearing",Neutral
Tom Cotton Blocks Senate PRESS Act Designed to Protect Journalists,Neutral
"Virginia parents, Youngkin administration settle lawsuit over masks and students with disabilities",Neutral
"Jan. 6 Committee Accelerates Timeline For Presentation, Criminal Referrals",Neutral
Fed raises interest rates half a point to highest level in 15 years,Neutral
Georgia Secretary of State Brad Raffensperger calls for an end to runoff elections,Neutral
LA racism scandal prompts new round of city council protests,Negative
"Trump goes full Clark Kent, teases 'SUPERHERO' announcement",Neutral
GOP Texas attorney general’s office allegedly demanded a list of trans people in the state,Neutral
"Fed lifts rates by half percentage point, sees economy nearing stall speed",Neutral
Lawmakers in Congress reach agreement to avert government shutdown,Neutral
Statement by National Security Advisor Jake Sullivan on UN Vote to Remove Iran from the Commission on the Status of Women,Neutral
Vast Texas support for Dreamer citizenship as lame duck Congress weighs immigration deal,Neutral
Gov. Kate Brown commutes sentences of all 17 people on Oregon’s death row,Neutral
Ron DeSantis outflanks Trump on the right with his call for Covid vaccine probe,Neutral
A prayer before dying: On the Republican Party's terminal illness,Negative
Key party committee recommends Raskin to be top Democrat on Oversight panel,Neutral
DeSantis voter defaces picture of governor for not backing Trump 2024 bid,Negative
Raffensperger calls on Georgia to end runoff elections,Neutral
"'This Is Big': Oregon Gov. Commutes Death Sentences, Dismantles State Execution Chamber",Negative
"Maternal and infant death rates are higher in states that ban or restrict abortion, report says",Negative
What is Donald Trump even doing?,Negative
U.S. Senator Warren says crypto industry should follow money-laundering rules,Neutral
Biden focuses on climate in Africa summit,Neutral
Biden welcomes African leaders for summit as China and Russia expand influence,Positive
Sandy Hook anniversary: Biden cites ‘societal guilt’ on guns,Negative
"Michigan AG: Lee Chatfield probe involves ‘high level’ officials, lobbyists",Neutral
One Nation Under Guns | How this year’s Supreme Court ruling on Second Amendment rights is changing everything,Neutral
Sandy Hook anniversary: Biden cites 'societal guilt' on guns,Neutral
Gay Republicans joined armed extremists to protest outside a drag show in Texas,Negative
Marjorie Taylor Greene launches into bizarre tirade about Kamala Harris & butt plugs,Neutral
Trump shares bizarre video teasing ‘major announcement’,Neutral
Out Gov. Kate Brown commutes the sentences of all 17 of Oregon’s death row inmates,Neutral
Bernie Sanders Pulls Yemen War Powers Resolution Amid Opposition From White House,Neutral
How Gen Z Could Transform American Politics,Neutral
The Republicans Need a Reckoning,Neutral
"I’m a Rail Worker, and Biden Screwed Us",Negative
Oregon governor commutes all 17 of state's death sentences,Neutral
House to vote on short-term funding bill as talks to avoid shutdown continue,Neutral
LA racism scandal prompts new round of city council protests,Negative
"Biden’s endless student loan scheme isn’t just horrible policy, it’s illegal",Negative
"Despite failures, Texas Republicans eye new voter fraud unit",Negative
Mark Meadows' leaked texts destroy the Trump lone actor narrative,Negative
Why state governments are banning TikTok,Negative
Kelly beat the odds to win reelection. Has she become a national model for Democrats?,Neutral
Texts Reveal Four Trump Allies Mixed Requests For Pardons With Big Lie Boosterism,Neutral
McCarthy keeps making compromises that could weaken his speakership before he's even won it,Negative
Eric Adams Delivers a Masterclass in the Politics of Euphemisms,Neutral
Russia’s ‘Sham’ Charge of Spying Makes Whelan’s Case the Hardest,Negative
"With billions for broadband on the line, Texas asks federal government for more time to improve access maps",Neutral
Justice Department has tried to access GOP Rep. Scott Perry's text messages,Neutral
House holds hearing on rising violence against LGBTQ people after Club Q shooting,Negative
Texas attorney general’s office sought state data on transgender Texans,Neutral
"Worried about the economy, Utah lawmakers begin budgeting for rainy days. Legislative leaders set aside $135 million to boost public education funding, which did not include millions Gov. Spencer Cox wanted to give public teachers a compensation boost.",Neutral
Republican who wanted Trump to declare ‘Marshall’ law only regrets the misspelling,Negative
U.S. forces launch space unit in South Korea amid North's growing threats,Neutral
States challenge Biden to lower drug prices by allowing imports from Canada,Neutral
"Private companies found using undocumented immigrant labor, with the help of Arizona prisons",Neutral
McConnell steps up attacks on a weakened Trump,Neutral
"Austin voters elect Kirk Watson, who served as mayor two decades ago, to lead the city again",Neutral
How John Roberts may slow-walk American democracy right off the cliff,Negative
Musk Urged His Fans to Back GOP in Midterms—Then Didn’t Vote,Neutral
Republican leaders struggle to quell discontent,Negative
"Proud Boys Abruptly Shifted Focus to Anti-LGBTQ Action in 2022 | VICE News tracked Proud Boy activity over the year, showing the far-right street fighting gang's change in tactics as the GOP pushed a new culture war.",Neutral
Criminal referrals could be announced sooner than expected by the Jan. 6 panel,Neutral
"2024 Presidential Primary Poll: Majority of Americans Satisfied with Iowa, New Hampshire Batting Leadoff",Positive
DeSantis calls for grand jury to investigate Covid-19 vaccines | Gov. Ron DeSantis’ announcement was the latest in an ongoing war between his administration and the Biden administration — and the broader medical community — over the pandemic.,Neutral
Ron DeSantis leads Donald Trump by 23 points in Republican poll | US elections 2024,Neutral
"Despite Trump’s Lobbying, McCarthy’s Speaker Bid Remains Imperiled on the Right",Neutral
"Outgoing Oregon governor commutes death row sentences, orders execution chamber dismantled",Neutral
Homeland Security chief: 'We're moving as quickly as we can' on border crisis,Neutral
Kirk Watson projected to become Austin's next mayor,Neutral
Oregon governor commutes all 17 of state's death sentences,Neutral
Border congressmen urge Biden to extend a controversial migrant expulsion policy,Neutral
The Special Counsel Investigating Trump Is Wasting No Time,Negative
The fight for lower-cost clean energy must go on as House Republicans dismantle our panel,Neutral
Trump's conservative base deserting him for DeSantis - poll,Neutral
Lawmakers announce 'framework' on bill to keep gov't open,Neutral
Top Energy Department official no longer employed after luggage theft accusations,Negative
Brett Kavanaugh Hangs Out With Matt Gaetz In Most Obvious Turn Of Events Ever,Neutral
Breaking down the Jan. 6 committee’s possible referrals — criminal and beyond,Neutral
Oregon Governor Kate Brown commutes sentences of 17 people on death row,Neutral
Manchin joins Texas Republicans in calling on Biden to extend border order,Neutral
Top appropriators clinch deal on government funding framework,Neutral
"Biden signs Respect for Marriage Act, enshrining marriage equality in federal law",Neutral
Georgia 14th Congressional District Election Results,Neutral
"Student power in Georgia: Young, engaged and determined to vote",Positive
"Law professors raise ethics concerns as Kavanaugh parties with Republicans at “worst possible time”| The Supreme Court justice attended a party with ex-Trump aide Stephen Miller, CPAC chairman Matt Schlapp",Negative
Biden signs bill to protect same-sex and interracial marriages,Neutral
U.S. Congress negotiators say they have reached a gov't funding deal,Neutral
"Federal Appeals Court Hears Challenge to Obstruction Statute, in Controversy That Could Wreak Havoc on Hundreds of Jan. 6 Cases",Neutral
Oregon Gov. Kate Brown Commutes State's Death Sentences,Negative
Ohio BOE approves resolution rejecting federal protections for LGBTQ students,Neutral
"Oh, Look: Another GOP Lawmaker Wanted Trump to Declare “Marshall Law” to Steal a Second Term",Negative
"The Supreme Court Will Hear a Second Challenge Over Biden's Student Loan Forgiveness Plan. As the Court agrees to take up yet another case against the Education Department's loan forgiveness plan, Biden's goal of forgiving billions in student loans seems increasingly doomed.",Negative
"DeSantis forms panel to counter CDC, a move decried by health professionals",Neutral
Biden seeks political boost from slowing inflation,Neutral
"No evidence of fraud in Utah’s midterm elections, but auditors say there‘s room to improve elections systems. Legislative auditors recommended that the state adopt a pilot program to audit a percentage of ballots after the election to confirm the outcome.",Neutral
"‘Economic plan is working’ to slow inflation, Biden says",Neutral
Florida Gov. Ron DeSantis seeks grand jury investigation of COVID-19 vaccines,Neutral
Lgbtq Youth Are Under Attack. Why Are Democrats Pushing a Bill That Hurts Them Even More?,Negative
"De León returns to L.A. City Council, Krekorian abruptly halts the meeting",Neutral
Biden signs gay marriage bill at White House ceremony,Neutral
"As Sinema Dumps the Dems, Rep. Ruben Gallego Gears Up Run for Her Seat",Neutral
NC SBI submits case file in Mark Meadows 2020 voter fraud investigation to Attorney General's office,Neutral
‘Don’t Run Joe’ campaign launches first TV ad in New Hampshire urging Biden not to seek reelection,Neutral
NC voter fraud probe of Meadows sent to AG,Neutral
Biden May Be About to Sign Off on a Huge Alaska Oil Drilling Project,Neutral
Leaked tape turns LA City Council member into a fugitive in his hometown,Negative
"These Louisiana Inmates Served Their Sentences, but the State Wouldn't Let Them Go",Negative
Biden Signs Bill to Protect Same-Sex Marriage Rights,Neutral
"Biden signs landmark bill to protect same-sex, interracial marriages",Neutral
"‘A blow against hate and all its forms’: Biden signs Respect for Marriage Act, repealing 1996 anti-LGBT+ law",Neutral
Republican Senator Faces Backlash at Home Over Gay Marriage Vote,Negative
Weed’s Banking Bill Is Struggling — But It Isn’t a Panacea Anyway,Negative
Opinion | The plan to stop a future Trumpist coup moves closer to reality,Neutral
"DeSantis, Who Once Praised Vaccines, Now Wants To Prosecute Those Who Pushed Them",Negative
DeSantis calls for grand jury investigation of COVID vaccines,Neutral
Arizona Gov. Ducey stacks containers on border at term’s end,Neutral
"Biden scores another bipartisan win with Respect for Marriage Act | For a White House eager to show progress on bipartisan breakthroughs, there’s a growing list of success stories — including the Respect for Marriage Act.",Positive
McConnell says Trump fueled 'candidate quality' problems in the midterms,Negative
"Democrat Joe Manchin Says He Has 'No Intention' of Switching Parties, But Doesn't Rule Out a Future Change. The West Virginia senator isn't ruling out changing his political affiliation in the future.",Neutral
N. Carolina AG to weigh charges in Meadows voter fraud case,Neutral
House GOP reckons with ‘candidate quality’ problem after midterms — and ahead of 2024,Negative
Newsom slams Republicans for blocking immigration reform on visit to Mexican border,Negative
January 6 committee chairman: Final public meeting will be Monday and full report will come out December 21,Neutral
Jan. 6 select committee announces final public meeting Monday,Neutral
The 12 Republican Senators Who Voted for the Same-Sex Marriage Bill,Neutral
Chuck Schumer: Senate Likely To Take Up Last-Ditch Effort On Bill To Prevent Another Jan. 6,Neutral
"Anti-Choice Republicans Block Bill That Gives Pregnant Workers Basic Accommodations | Sen. Thom Tillis (R-N.C.) and two Republican senators blocked a vote on the bipartisan bill, inaccurately claiming it would support “abortions on demand.”",Negative
US poised to approve Patriot missile battery for Ukraine,Neutral
DeSantis seeks grand jury investigation of Covid-19 vaccines,Neutral
Senate investigation finds federal prisons fail to prevent or investigate rapes,Negative
Post-Argument Analysis in the Moore v. Harper Case Raising the So-Called “Independent State Legislature” (ISL) Theory: What Might the Court Do?,Neutral
Opinion | It’s Not Just About Pot. Our Entire Drug Policy Needs an Overhaul.,Neutral
Cause of death: Washington faltered as fentanyl gripped America,Negative
"Following Griner's release, U.S. lawmakers want a ""National Hostage"" day",Neutral
AOC wants a Democrat to challenge Kyrsten Sinema for Senate seat. Others in the party aren’t so sure,Neutral
DeSantis tops Trump by 23 points among Republicans in new poll,Neutral
"How Gov. Gretchen Whitmer, Democrats plan to cut Michigan taxes in 2023",Neutral
Danske Bank Pleads Guilty to Fraud on U.S. Banks in Multi-Billion Dollar Scheme to Access the U.S. Financial System | OPA,Negative
House committee asks National Archives to review Trump storage unit,Neutral
Why Does Kevin McCarthy Even Want to Be Speaker?,Negative
A Fast-Growing Network of Conservative Groups Is Fueling a Surge in Book Bans,Neutral
"Special counsel subpoenas Georgia, New Mexico officials in 2020 election probe",Neutral
Brett Kavanaugh Partying With Matt Gaetz Raises Questions,Neutral
Lauren Boebert officially wins U.S. Congressional District 3 in Colorado after recount,Neutral
Biden to sign gay marriage bill at White House ceremony,Neutral
"Chuck Schumer Has A Long Game For Judges, Too",Neutral
Pete Buttigieg slams GOP congresswoman who cried as she begged colleagues to reject marriage bill,Negative
Lawmakers unveil bipartisan bill that aims to ban TikTok in the U.S.,Neutral
U.S. lawmakers unveil bipartisan bid to ban China's TikTok,Neutral
US finalizing plans to send Patriot missile defense system to Ukraine,Neutral
"Biden: Inflation Coming Down, More Work to Be Done",Neutral
"Colorado Rep. Lauren Boebert narrowly won re-election, recount confirms",Neutral
Sen. Joe Morrissey joins race for Virginia’s 4th Congressional District seat,Neutral
Will Trump’s bad polling help send him to prison?,Negative
A moment of truth is fast approaching for both Trump and the DOJ,Neutral
Biden to sign historic same-sex marriage bill at White House,Neutral
Don’t Drag the Military into Politics,Negative
Critics Call It Theocratic and Authoritarian. Young Conservatives Call It an Exciting New Legal Theory,Neutral
Manchin says he has ‘no intention’ of following Sinema and leaving Democratic Party,Neutral
Why it's time for House Republicans to create a 'Democracy Caucus',Neutral
GOP senator faces censure from multiple local party orgs for voting for marriage bill,Negative
DACA deal for “Dreamers” fizzling as Texas Republicans prioritize border security,Negative
Ronna McDaniel Responds To Fox Anchor's Question Blaming Trump In Tetchiest Way,Neutral
Marjorie Taylor Greene swears she was only joking when she said she would have “won” January 6,Neutral
'This is the tip of the iceberg': New texts show GOP efforts to overturn 2020 results,Neutral
Iowa six-week abortion ban remains permanently blocked,Negative
"The Anti-Abortion Movement Is More Conspiracy-Addled Than Ever: From rampant antisemitism to groomer panic, pro-life activists are knee-deep in the far-right fever swamp.",Negative
"Lauren Boebert, Far-Right Firebrand, Wins Re-election After Recount",Neutral
They beat election deniers in the midterm elections. Now they’re gearing up for 2024,Neutral
Biden's nominee for a top role at Interior is in limbo. Will Schumer act?,Neutral
Advocates seek federal investigation of multistate effort to copy voting software,Neutral
Senate Report Finds Widespread Sexual Abuse of Women in Federal Prisons,Negative
"Trump in trouble: Republican support for his 2024 bid falls amid political, legal setbacks",Negative
Juan Williams: Who’s laughing at Biden now?,Neutral
Is Biden ready to make deals with Republicans in Congress?,Neutral
Democrats Are Ready to Call Kyrsten Sinema’s Bluff,Neutral
US Workers Are Paying High Taxes. But Without Any of the Benefits.,Negative
Democrats actually did pretty well with rural and Hispanic voters,Positive
A notorious Trump judge just fired the first shot against birth control,Negative
Republicans fear Trump civil war could cost them in 2024,Negative
J.D. Vance Is Coming for Your Porn–Watch Out,Neutral
"Onslaught of new abortion restrictions looms in reddest of states | New state legislative sessions likely to bring fresh efforts to restrict, penalize or altogether ban the procedure",Neutral
Supreme Court won't block California flavored tobacco ban,Neutral
"Boebert officially wins reelection in Colorado, recount confirms",Neutral
Supreme court agrees to hear 2nd student loan forgiveness case brought by two student-loan borrowers who didn't qualify for the full amount of relief,Neutral
2022 Review: How Republicans Lost Despite Winning the Popular Vote,Negative
"If you think health care is dysfunctional now, just wait until after January 1",Negative
It’s important to take those calling for a ‘Fourth Reich’ seriously,Neutral
A Republican congressman from Colorado is the latest to violate a federal conflict-of-interest and transparency law,Negative
GOP Congressman Wanted Trump to Invoke ‘Marshall Law’ to Stay in Office: Leaked Texts,Neutral
Republicans have a plan — to hold America hostage over the debt ceiling yet again,Negative
Trump special counsel subpoenas Georgia Secretary of State Brad Raffensperger,Neutral
Georgia could be the next state to try ranked choice voting,Neutral
"Biden to sign Respect for Marriage Act, reflecting his and the country's evolution",Neutral
Pat Toomey blocks landmark reform legislation to fight global money laundering,Negative
Greene creates new headache for McCarthy over Jan. 6,Negative
"Two Decades After 9/11 Inquiry, a Similar Plan for Covid Stalls in Congress",Neutral
The Kids Shouldn’t Have to Save Us | A March for Our Lives cofounder on the unrealistic pressures put on youth activists against gun violence.,Neutral
"Biden-Harris Administration Announces First-Ever Federal Building Performance Standard, Catalyzes American Innovation to Lower Energy Costs, Save Taxpayer Dollars, and Cut Emissions",Positive
Former officer says powerful political player found dead in apparent suicide had unprecedented JSO access,Negative
The Republican Project to Break Your Email Account,Neutral
Trump’s Mar-a-Lago Special Master Gambit Comes to Sad Little Conclusion | The DOJ can now move full steam ahead with its criminal investigation.,Neutral
Brittney Griner returns to a U.S. divided over whether it's happy she's free,Neutral
Biden forms interagency group to draft antisemitism strategy,Neutral
"Pete Buttigieg often flies on taxpayer-funded private jets, flight data show",Neutral
Lauren Boebert’s narrow victory confirmed by mandatory recount in Colorado's 3rd Congressional District,Neutral
Justice Department asks Clark County for Trump messages,Neutral
Judge rejects vaccine choice law in health care settings,Neutral
Freedom Caucus Chair Scott Perry’s Work To Overturn 2020 Election Included A ‘Cyber Team’ And An Italian Job,Neutral
"Dems agonize over Sinema 2024 | If the newly minted Arizona independent seeks reelection, she could set up a three-way race that puts her former party in a perilous position in a swing state.",Neutral
How a Trump-allied group fighting ‘anti-white bigotry’ beats Biden in court,Negative
Kavanaugh Holiday Party Appearance Raises Ethics Questions,Neutral
Biden forms interagency group to draft antisemitism strategy,Neutral
Inside the secret $32M effort to stop ‘Stop the Steal’,Neutral
Van Drew: The American Dream Vs. The Chinese Nightmare,Neutral
"As The 2020 Election Slipped Away, Andy Biggs And Mark Meadows Schemed To Reverse The Vote In Arizona",Neutral
First Black woman on Delaware high court confirmed to federal bench,Neutral
Biden announces inter-agency group to counter antisemitism,Neutral
"Preparing for the Worst: Unless voters wake up—and Democrats wake them up—we’re on the verge of permanent, minoritarian, single-party rule.",Negative
Republicans are doing their best to get our military sick,Negative
Jan. 6 Committee Staffers Prepare for All-Out Republican Assault,Neutral
Republican slams Greg Abbott for not stopping border 'invasion',Negative
Declaration of public health emergency is urgently needed for RSV,Neutral
Biden establishes government task force to combat antisemitism,Neutral
Why Conservatives Invented a ‘Right to Post’,Neutral
US city removes last public Confederate statue,Neutral
Iowa judge blocks effort to ban most abortions in the state,Neutral
Federal Judge Strikes Down Part of Montana’s Far-Reaching Anti-Vax Law,Neutral
"Leaked documents indicate over 300 members of far-right paramilitary Oath Keepers may be current or former DHS employees, Project on Government Oversight reports",Neutral
"House Dems to Examine Rise in Anti-LGBTQ+ Extremism in 'First of Its Kind' Hearing. ""Republicans on my committee and across the country will be forced to face the real-life impact of their dangerous agenda,"" said Rep. Carolyn Maloney.",Negative
Greene says Jan. 6 remarks were ‘sarcasm’,Neutral
Congress prepares resolution for one week of funding to avoid government shutdown,Neutral
Oklahoma takes 'momentous' step to allow taxpayer-funded religious schools,Neutral
The Road Home program shortchanged low-income homeowners in Louisiana. New data proves it.,Negative
Democratic control of Michigan puts climate change action on 2023 agenda,Neutral
Congress scrambling to craft a spending bill before week’s end,Neutral
California Organizers Are Creating Momentum for Statewide Prison Closures,Neutral
White House calls attacks on Fauci ‘incredibly dangerous’ after Musk tweets,Negative
Mark Meadows Exchanged Texts With 34 Members Of Congress About Plans To Overturn The 2020 Election,Neutral
"Sanders Vows to Vote Against $858B Defense Bill, Calls for Medicare for All",Neutral
These 6 California Republicans opposed protecting same-sex and interracial marriage. What were they thinking?,Negative
Biden officials meet with Paul Whelan's family to discuss efforts on securing his release from Russia,Neutral
Gallego says he’ll decide on possible Sinema Senate challenge after holidays,Neutral
Lauren Boebert praises Kyrsten Sinema for leaving the Democratic party,Neutral
"Fresh Off Sanctions Order, Kari Lake's Lawyers File Yet Another Wacko Election Challenge",Neutral
Elon Musk Is Ruining Trump’s Presidential Campaign,Negative
Supreme Court upholds California ban on flavored tobacco,Neutral
Texts: Gov. Reeves Talked to Brett Favre About Using State Funds For Volleyball Facilities,Neutral
Kari Lake's lawsuit shows she's desperate ... and delusional,Negative
Supreme Court to resume issuing decisions in courtroom,Neutral
Trump probe subpoena served on Georgia secretary of state,Neutral
Behind-the-scenes hunt builds for McCarthy Speaker alternative,Neutral
"US House subcommittee wants answers from Stellantis, US Ecology facilities in Detroit",Neutral
"No, Progressives Didn’t “Make” Sinema Leave the Party",Negative
Supreme Court Refuses to Block California’s Ban on Flavored Tobacco,Neutral
Supreme Court takes second case challenging Biden student loan relief,Neutral
The Meadows Texts: A Plot To Overturn An American Election,Negative
The right-wing outrage machine doesn’t even need Trump anymore,Negative
White House Slams Marjorie Taylor Greene For Saying She'd Have 'Won' Jan. 6 Riot,Neutral
"Hundreds Of Oath Keepers Have Worked for the Federal Government: Report | 309 listed members of the extremist group reported having worked for various DHS agencies, including the Secret Service and Border Patrol",Neutral
The Supreme court's gamble with democracy appears to be veering away from extremism-for now,Neutral
Obstruction Charge Takes Center Stage at Jan. 6 Court Hearing,Neutral
Republicans and Democrats in Congress Try to Be Friends Again—Sort of,Neutral
"DOJ Is “On a Path to Charge” Trump, Former U.S. Attorney Says",Neutral
Biden administration approves Washington state request to offer health insurance to undocumented immigrants,Neutral
Special counsel sends Trump subpoena to Ga. secretary of state Raffensperger,Neutral
U.S. Supreme Court rejects Michigan State's appeal in Title IX swimming case,Neutral
Joe Biden Apparently Couldn’t Care Less About Elon Musk’s Twitter Havoc,Negative
Trump probe subpoena for Georgia secretary of state from DOJ,Neutral
Wisconsin’s Assembly maps are more skewed than ever. What happens now?,Negative
Ballot blockade: California industries rely on referenda to stop laws,Neutral
White House rebukes Rep. Marjorie Taylor Greene for saying she would have 'won' on Jan. 6,Neutral
"FTC Seeks to Block Microsoft Corp.’s Acquisition of Activision Blizzard, Inc.",Neutral
Adam Schiff Says Jan. 6 Panel Has 'Evidence Of Criminality' As It Weighs DOJ Referrals,Neutral
'Lying and gouging’: Gov. Newsom unveils plan to cap oil refiners’ profits,Negative
Meet the megadonors backing the Trump super PAC as some top donors opt out of supporting 2024 candidacy,Neutral
Florida judge officially dumps Trump lawsuit over Mar-a-Lago document seizure,Neutral
"The ""What happened in your state last week?"" Megathread, Week 50",Neutral
Texas Republicans propose a Florida-style election police force as it tees up more changes to voting laws,Neutral
Progressive Lawmakers Demand Fraud Probe Into Medicare Privatization Scheme,Neutral
How Democracy Nearly Died in Wisconsin,Negative
Elon Musk Is Ruining Trump’s Presidential Campaign,Negative
Cannon Officially Dismisses Trump’s Mar-a-Lago Suit,Neutral
Texas has amended its constitution hundreds of times. It’s not likely to do so for abortion anytime soon.,Negative
Student loan forgiveness borrowers now awaiting SCOTUS decision,Neutral
Republican senator censured by party for voting for marriage equality bill,Negative
Biden restarts task force on immigrants' success in US,Neutral
Donald Trump Is No Lover of the Constitution,Negative
Marjorie Taylor Greene Says the Capitol Riot Would’ve Worked If She Organized It,Neutral
"The Anti-Woke Right Is Losing Its Religion: As conservatives increasingly turn to secular culture war outrages to fire up their base, it would seem that God is no longer their co-pilot.",Negative
White House condemns Greene over claim she would have ‘won’ Jan. 6 insurrection,Neutral
The federal judge who appointed Trump's special master just threw out his lawsuit against the FBI's raid of Mar-a-Lago,Neutral
/r/Politics 2022 US Midterm Elections Prediction Contest Results!,Neutral
"DoJ would be ""foolish"" to ignore evidence from Jan 6 report: Kirschner",Negative
Michigan Supreme Court puts final nail in legal coffin for DePerno’s Antrim County lawsuit,Neutral
Last city-owned Confederate monument to be removed from Virginia capital,Negative
White House calls Marjorie Taylor Greene’s Jan 6 comments a ‘slap in the face’ of law enforcement,Neutral
Marjorie Taylor Greene: Capitol attack ‘would’ve been armed’ if I was in charge | Far-right congresswoman says the violent crowd would have won on January 6 if she and Steve Bannon had planned it,Negative
Judge Tosses Trump’s Battle Against Mar-a-Lago Raid,Neutral
Are right-wing justices really sure they want to revisit defamation law?,Negative
"Democrats Want Answers About Jared Kushner’s Very Shady Middle East Deal (No, Not the Saudi One!)",Neutral
Trump who? GOP senators rave over a potential Tim Scott presidential run.,Neutral
Karen Bass’s First Act as L.A.’s Mayor: Declaring Homelessness an Emergency,Neutral
Some Prisoners Remain Behind Bars in Louisiana Despite Being Deemed Free,Negative
'Twitter Files' lead to pushback on Biden's COVID-19 social media efforts,Neutral
Young voters’ enthusiasm for Democrats waned during midterms,Negative
Biden announces $2.5 billion loan to help GM and LG make EV batteries,Neutral
How Kari Lake’s campaign to be the Trump of 2022 unraveled,Neutral
"Don't relax too much: Our abusive relationship with Donald Trump is not over | When an abuse victim decides to break away, the abuser often turns to violence. That's where we are right now",Negative
The big-deal bills Congress needs to pass before the end of the year,Neutral
Let’s make a deal: White House ready to bargain over expanded Child Tax Credit,Neutral
Biden’s LGBT Health Shield Plan Muddled by Trump-Appointed Judge,Neutral
Trump says he rejected Russia deal to swap Paul Whelan for arms dealer,Neutral
Momentum to 'Replace Sinema' Already Building After She Ditches Dems,Neutral
2nd Oath Keepers Jan. 6 sedition trial to get underway,Neutral
Ohio Politics Explained: Natural gas is the new green energy?,Neutral
"Musk calls to prosecute Fauci, drawing swift backlash",Neutral
The WA GOP charts its future: ‘We don’t even like ourselves right now’,Negative
Rep. Kinzinger welcomes Griner's release but worries prisoner swap could encourage more hostage-taking,Neutral
"Trump, Kanye West, and Nick Fuentes pushing antisemitism to the forefront of the GOP could pull the Christian nationalist movement apart",Negative
There is a path to save the Supreme Court from itself,Neutral
Senator Merkley Introduces Legislation to Ban Hedge Fund Ownership of Residential Housing,Neutral
Taylor Greene says Jan. 6 Capitol attack ‘would’ve been armed’ if she planned it,Neutral
GOP members who rebuffed Jan. 6 panel may face referral to ethics panel,Negative
Brittney Griner in Texas medical facility as political fallout over swap continues | Brittney Griner,Neutral
Pompeo to make decision on possible 2024 presidential run in spring,Neutral
Donald Trump Says He 'Turned Down Deal' of Paul Whelan for Viktor Bout,Neutral
"Senate committee advances bill that would overhaul Ohio State Board of Education, Ohio Department of Education",Neutral
BlackRock Facing More Blowback Over ESG as GOP Pressure Mounts,Neutral
Trump Says He Turned Down Deal To Release Paul Whelan,Neutral
This ‘Sneaky’ DeSantis Power Grab Might Be His Cruelest Yet --- Republicans are going after trans people across America. But the potential 2024 contender from Florida is targeting people more efficiently than anyone else.,Negative
Rep. Ro Khanna pushed back on Twitter suppression of Hunter Biden laptop story,Neutral
Election denier Kari Lake sues Arizona elections officials,Neutral
House Intelligence Committee Request Information From Twitter On Potential PRC Involvement in Platform Manipulation Campaign During Protests,Neutral
The Case for Hoping the GOP Nominates Donald Trump: The “responsible” position is to hope the Republicans reject Trump in 2024 for the good of the country. But there’s another way of looking at that.,Neutral
Lamont may go alone in seeking end to ownership of AR-15s in CT,Neutral
Karen Bass will make history as L.A. mayor. Then the hard work begins,Positive
"Karen Bass sworn in as Los Angeles mayor, the first woman to hold the office",Neutral
Karen Bass Los Angeles Mayor to be Sworn in by Kamala Harris,Neutral
"Trump, Biden fortunes shift dramatically post-midterms",Neutral
Senate Republican rejects Trump as leader of party,Negative
January 6 committee ends meeting on criminal referrals,Neutral
Special Counsel Smith speeds ahead on criminal probes surrounding Trump,Neutral
A low for L.A. politics: Council member and activist fight as children watch in horror,Negative
Fiona Hill says Trump was ‘not particularly interested’ in freeing Whelan,Neutral
Massachusetts recount flips state house election to Democrat by one vote | Kristin Kassner won against Republican opponent Lenny Mirra after a recount shrunk candidates’ narrow vote deficit to one,Neutral
Bernie Sanders calls Sinema a ‘corporate Democrat’ who has ‘sabotaged enormously important legislation’,Neutral
Biden approval rating ticks up after midterms: CNN,Neutral
MTG: Bannon and I Would Have 'Been Armed' and 'Won' the Insurrection,Neutral
Arizona Gov. Ducey stacks containers on border at term's end,Neutral
"'War Is Over, If You Want It': US Can End Its Complicity in Horrendous Yemen War Today",Negative
'There Is Evidence of Criminality': Jan. 6 Panel Meets to Decide Referrals to DOJ,Neutral
"Sinema's switch to independent driven by ‘political aspirations,’ Sen. Bernie Sanders says",Neutral
Schiff: Jan. 6 Committee Will Consider Criminal Referrals at Sunday Meeting,Neutral
Meet the woman steering Biden’s bipartisan winning streak on Capitol Hill,Neutral
"White Nationalists, Other Republicans Brace for ‘Total War’",Negative
75% of Texas voters under age 30 skipped the midterm elections. But why?,Negative
Jim Jordan's Own Words Used Against Him as Ted Lieu Accuses Him of Lying,Negative
"Trump Attacks Jewish Leaders Amid Kanye West, Nick Fuentes Dinner Fallout",Negative
The Supreme Court Must Protect Internet Users’ Rights to Access Controversial Information Online,Neutral
Bernie Sanders’s Yemen War Powers Resolution Could Help End the Monstrous War,Positive
Wanted by McCarthy critics: 1 qualified alternative speaker,Neutral
GOP sues over special elections in Pa. House majority battle | The top-ranking Republican in the Pa. House of Representatives asked a court to prevent voters from filling three vacant seats in February that will determine majority control of the chamber.,Neutral
Year-End Tax Policy Priority: Expand the Child Tax Credit for the 19 Million Children Who Receive Less Than the Full Credit,Neutral
"LGBTQ voters expect legislation targeting abortion, transgender health care to surge next year",Neutral
Trump Exposes U.S. to 'Grave Harm' if He Still Has Classified Files: Expert,Negative
Biden aims to narrow trust gap with US-Africa leaders summit,Neutral
Sam Brinton issued federal warrant for second airport theft,Neutral
RNC Members Wish Trump Arrested by 2024 So Party Can Move On: Ex-GOP Chair,Neutral
Election nonprofit that drew GOP ire in 2020 renews grants,Neutral
"Musk calls for prosecution of Fauci, teases bombshells on COVID-19 censorship",Neutral
Republicans struggle in the Southwest as Latino voters stick with Democrats,Neutral
"Two years after election turmoil, GOP voters remain skeptical of elections and vote counts",Negative
Marjorie Taylor Greene says MAGA would've won on Jan. 6 if she organized it,Neutral
The Federal Program to Rebuild After Hurricane Katrina Shortchanged the Poor. New Data Proves It.,Negative
"Sen. Sinema’s switch to Independent will not impact Democrat’s control of the chamber, representatives say",Neutral
"Trump would be ""arrested"" and ""indicted"" if he was anyone else: Kirschner",Neutral
Collision course: How American rail companies’ pursuit of profit puts lives in danger,Negative
Whelan's Brother Says Biden Is More 'Engaged' in Wrongful Detentions,Negative
"Maryland GOP, reeling from disastrous election, picks new leadership",Negative
Recount flips Mass. House election to Democrat by 1 vote,Neutral
'The party's on fire': Florida GOP roiled by far right takeover efforts despite 2022 wins,Negative
The Trump campaign that isn’t,Neutral
LA City Council members walk out as embattled colleague tries to return amid outrage over leaked audio,Negative
Congress struggles to reach funding deal as conservatives push to torpedo it,Negative
"The Government Should Stop Funding For-Profit Hospice Care | A recent story shows it’s a racket. Because it’s taxpayer-funded through Medicare, it shouldn’t be too hard to end it.",Negative
Experts: Michigan recounts that won’t change outcome show law must change,Neutral
Why the Republican Party Just Can’t Quit Trump,Negative
Arizona governor builds border wall of shipping crates in final days of office,Neutral
The DeSantis secret weapon that Democrats — and Trump — should fear,Negative
The (Incomplete) Revolution in Counting Abortions,Neutral
Kyrsten Sinema once attacked a top Democrat for not supporting party—video,Negative
"Sinema out, Warnock in – Democrats narrowly control the Senate and Republicans the House, but gridlock won’t be the biggest problem for the new Congress",Neutral
‘Trump obsession is very bad’: Senate Republicans confront their problems after poor election showing,Negative
Democratic Lawmaker Doubles Down On Calls For Clarence Thomas' Resignation,Neutral
How the New York Times helped Republicans win the House,Neutral
Transgender Americans Feel Under Siege as Political Vitriol Rises,Negative
Sheriff Calls on Feds to Seize Arizona Gov. Doug Ducey's Illegal Border Wall Equipment,Neutral
The first Gen Z member of Congress was denied a D.C. apartment due to bad credit,Negative
GOP senator Censured by Indiana Republicans for Same-Sex Marriage Vote,Neutral
Tlaib Statement on the Rise of Hate & Dangerous Rhetoric,Negative
"Tom Arceneaux wins, is Shreveport's first Republican mayor in more than 20 years",Positive
Jim Jordan brazenly lies about GOP's 'Kanye. Elon. Trump.' tweet,Negative
"Joe Biden Job Approval Surges After Democrats' Midterm Wins, New Poll Shows",Positive
Putin says Russia could adopt US preemptive strike concept,Neutral
A desperate road trip to remind America about its Afghan allies: These veterans want the United States to keep its wartime promises. They found a country littered with indifference.,Negative
Sinema’s Switch to Independent Complicates Democrats’ 2024 Strategy,Neutral
Justice Jackson is smashing right-wing legal claims at Supreme Court hearings The court’s newest member is picking apart bogus arguments. She showed us how in recent high-profile disputes over discrimination and elections.,Neutral
Airlines are lobbying for a change to federal regulations that could put one pilot in the cockpit,Neutral
Biden effort to protect abortion access hindered by strict state laws,Negative
Trump was fresh and new during his 2016 campaign. Has his fame fizzled?,Neutral
America’s Toxic Gun Culture,Negative
Marjorie Taylor Greene Accused of Seeking 'All the Dirt' on Kevin McCarthy,Neutral
Sen. Tammy Baldwin reflects on why the Respect for Marriage Act is necessary,Neutral
China - Saudi Arabia summit agreements put pressure on US influence,Neutral
Strong midterm turnout in Georgia sparks new debate about a controversial election law,Neutral
Texas House Republicans release border security plan,Neutral
U.S. Supreme Court agrees to hear Coinbase arbitration dispute,Neutral
Trump administration was ‘not prepared’ for or ‘not interested in’ wrongful detentions: Paul Whelan’s brother,Negative
Paul Whelan's Brother Says Biden Made Right Call Releasing Brittney Griner,Neutral
Clarence Thomas Should Resign for Being 'Corrupt as Hell': Congressman,Negative
VA official hopes laid-off tech workers will take on a new mission,Neutral
"MTG Slams Graham, McConnell After Georgia Runoff Defeat",Neutral
‘The world needs more Scott Bennetts’ Illinoisans mourn death of Senator,Neutral
Kevin McCarthy Is About to Enter Political Hell,Negative
Kari Lake Is Still Trying to Overturn Elections,Neutral
Farmers And Ranchers Buoyed By New Contingent Of Food-Focused Politicians,Neutral
Report: Trump Has Been Hibernating at Home for Almost a Month,Neutral
Trump Mar-a-Lago suit ends after former president declines to appeal ruling,Neutral
Kari Lake: defeated governor candidate challenges Arizona election result,Neutral
Kyrsten Sinema Is Right. This Is Who She’s Always Been.,Positive
"What if Donald Trump doesn't go quietly? -- The former president may be down, but he can still hold Republicans hostage.",Negative
The Biden administration is reportedly drafting an executive order to streamline space rules,Neutral
Why Sinema left the Democratic Party,Neutral
"Don’t worry, be a majority: Dems shrug off Sinema’s switch",Neutral
Sam Bankman-Fried’s Admission About Secret GOP Donations Provoke An FEC Complaint,Neutral
Democratic senators warn UN secretary general of eroding public trust in Cop | Letter urges sponsors provide ‘corporate climate political influencing statements’ after 630 lobbyists attend Cop27,Neutral
Biden’s potential first veto,Neutral
Rep. Vicky Hartzler's Gay Nephew to His Aunt: You Have to Coexist,Neutral
GOP numbers at California Capitol at their lowest levels in a century,Negative
"As a Republican, I won by double digits in a year of GOP losses. Our playbook has to change.",Neutral
On The Money — Deadline to pass bipartisan marijuana bill looming,Neutral
Saturday Morning Political Cartoon Thread,Neutral
U.S. to appeal dismissal of Chinese agent lawsuit against casino tycoon Wynn,Neutral
Environment stakes high in race for Louisiana utility seat,Neutral
We keep moving from one wrong fight to another. Here’s how to stop.,Negative
"Following Trump's Lead, Kari Lake Files Suit to Reverse Loss in Arizona Governor's Race",Neutral
Marijuana now legal in Missouri,Neutral
Kari Lake files lawsuit riddled with falsehoods seeking to overturn Arizona election,Negative
Michigan Supreme Court ends suit over 2020 election results in Antrim County,Neutral
The weird Republican turn against corporate social responsibility: Companies say they want to acknowledge environmental impacts. Republicans are mad about that.,Negative
Kari Lake challenges her defeat in Arizona governor’s race,Neutral
Gallagher joins Steil and all Wisconsin Democrats to approve same-sex marriage protections,Neutral
"Missouri man sentenced in Capitol riot case said Trump, others to blame for his actions",Negative
The Georgia runoff shows that Democrats have figured out a winning strategy,Positive
Governor’s race broke Pennsylvania campaign spending record,Neutral
"Florida Rep. Joe Harding, charged with defrauding PPP loan scheme resigns but claims 'I repaid every penny'",Neutral
Supreme Court takes case on immigration scam case,Neutral
"Effect of Georgia's voting law unclear, despite high turnout",Neutral
Michigan Democrats eye other abortion law changes as Prop 3 set to take effect,Neutral
Paul Whelan's Brother Slams Trump Over Russia Prisoner Swap Comments,Neutral
Biden called gay marriage 'inevitable' and soon it'll be law,Neutral
"Prominent DeSantis ally, Florida political donor found dead, was under investigation",Negative
"Dark money groups pump nearly $90 million into ""independent state legislature"" case | Untraceable right-wing money has flowed into a network of right-wing groups seeking to limit voting rights",Negative
"Rural voters ‘in the trenches’ on climate, leery of Biden",Negative
"Trump's Terrible, Horrible, No Good, Very Bad Campaign Kickoff",Negative
U.S. lawmakers urge Biden to guarantee rail workers' sick leave,Neutral
Sinema Adds Intrigue and Democratic Fury to Arizona’s 2024 Senate Race,Neutral
Calls Build for Manchin to Follow Sinema in Leaving Democratic Party,Neutral
The Top Target of Texas' Abortion Bounty Law Isn't Backing Down,Neutral
Don't Vote for Just One: Ranked Choice Voting Is Gaining Ground,Neutral
Democratic report details government’s COVID failings: Suffering was 'not inevitable',Negative
Rep. Sheila Jackson Lee claps back after Republican accuses her of trashing flags,Neutral
Gov. Josh Green gives green light for massive redevelopment of Aloha Stadium,Positive
Biden wants African Union to be added to Group of 20 nations,Neutral
Inside alleged fake heiress' Mar-a-Lago visit,Neutral
Newt Gingrich thinks the GOP needs to stop underestimating Biden,Neutral
Trump’s 2024 Campaign So Far Is an Epic Act of Self-Sabotage But is this really the end of an error?,Negative
"In Wake Of Shocking Dinner, Trump Says It's Jews Who Should Be 'Ashamed' For Disloyalty",Negative
Kyrsten Sinema's bombshell split from the Democratic Party could be more about sidestepping a tough 2024 primary than a principled stand against partisanship,Neutral
Young and Homeless in Rural America,Negative
Republican Kari Lake files lawsuit challenging her defeat in Arizona governor's race,Neutral
Can Humans Find Common Ground? Sure. Just Start With Sea Slugs.,Neutral
Biden Made a Bad Deal for Brittney Griner,Negative
Florida GOP likes DeSantis far more than Trump in new poll,Positive
Florida Republican who sponsored ‘Don’t Say Gay’ resigns after federal indictment,Neutral
‘Duct Tape and Band-Aids’: Inside Herschel Walker’s Campaign Collapse,Neutral
Tim Scott Is Fundraising By Emailing People That Their Heat Will Be Cut Off,Neutral
Is Trump Hanging Onto Even More Classified Documents? His Lawyers Can't Say. Or Won't Anway.,Negative
Fears of Violence Rise on New Front in Gender Debate: Drag Shows,Negative
"Kyrsten Sinema’s Critics Waste No Time Unloading on the Former Democrat: ""Our goal will be to make sure she becomes a political cautionary tale.""",Neutral
Federal judge declines to hold Trump in contempt of court,Neutral
"How Right-Wing Candidates of Color Delivered the House to Republicans: It should alarm Democrats that these midterm contenders delivered big wins for the GOP, all without moderating their MAGA identity.",Negative
"Trump turned down Paul Whelan and Viktor Bout prisoner swap years ago, John Bolton says",Neutral
The War Caucus Always Wins,Positive
Looming ‘Apocalyptic’ Court Decision Could Ban Abortion Pills Nationwide,Neutral
How the process will work if Sinema seeks reelection as an independent,Neutral
"AOC 'Grateful' Sinema Switches to Independent, Hints Progressive Challenge",Neutral
"As Democrats look elsewhere, Republicans are keeping Iowa first",Neutral
Trump accuses Jewish leaders of a lack of ‘loyalty’,Negative
Judge declines DOJ request to hold Trump team in contempt over classified documents: Sources,Neutral
Trump lawyers in court for sealed hearing in Mar-a-Lago case,Neutral
"Arizona judge puts part of Proposition 209, which gives medical debt relief, on hold",Neutral
Did Donald Trump Already Forget He’s Running for President?,Neutral
"Oil firms have internally dismissed swift climate action, House panel says | Documents show the fossil fuel industry ‘has no real plans to clean up its act’ and took steps to continue business as usual",Negative
New York’s Chief Financial Regulator Promised Climate Action This Year. Where Is It?,Neutral
Biden under pressure for marijuana reform after Brittney Griner release,Neutral
Trump lawyers head to D.C. federal court before closed hearing on DOJ contempt request,Neutral
House panel: Ariz. company co-founded by newscaster made millions on fraudulent PPP loans,Negative
"Sadly, Mike Lindell is the perfect choice to lead the GOP",Neutral
What happens now that Arizona’s Kyrsten Sinema is no longer a Democrat,Neutral
Trump Bashes Jewish Leaders for Not Being ‘Loyal’ After His Dinner With Holocaust Deniers,Negative
Why the GOP Will Lose Its War on ‘Woke Wall Street’,Negative
Inside California's new law allowing more people to seal old criminal records,Neutral
WTO says Trump's steel tariffs violated global trade rules,Negative
Bernie to Biden: You Can Give Rail Workers Sick Days,Neutral
Lawmaker behind Florida’s Don’t Say Gay law was indicted for fraud & then resigned,Negative
Judge dismisses Flint water charges against Snyder,Neutral
"Majority of Americans don't want Biden or Trump to run again in 2024, CNBC survey shows",Negative
Putin says more US-Russian prisoner exchanges are possible,Neutral
Trump Is Using the ‘Twitter Files’ to Fundraise for 2024,Neutral
Judge to hold hearing Friday on DOJ's request to hold Trump's office in contempt over documents,Neutral
Gallego campaign teases Senate bid after Sinema party switch,Neutral
Texts: Gov. Reeves Talked To Brett Favre About Using State Funds For Volleyball Facilities,Neutral
Evers administration seeks OK to start new PFAS regulations in Wisconsin,Neutral
If Merrick Garland Had the Courage of His Convictions… | Donald Trump would already be on his way to prison.,Negative
Sen. Kyrsten Sinema Switches Party Affiliation,Neutral
'She's Just Awful': Critics Swing After Sinema Ditches Dems Just Days After Warnock Win,Negative
Biden confidant Brian McKeon leaves State Department,Neutral
Biden expected to sign law ending Tiger King-style big cat ownership | Conservationist groups hail legislation aimed at curbing private ownership of tigers and lions in US with little oversight,Neutral
"Big Oil talks ‘transition’ but perpetuates petroleum, House documents say: A House oversight committee is expected Friday to release a trove of documents on oil companies and their internal communications. The Post obtained a portion of them.",Neutral
Why we barely dodged the Herschel Walker bullet,Neutral
"Fauci slams ‘lowlife’ trolls harassing his wife, children over covid",Negative
Sinema’s Decision Matters More to Arizona Than to Washington,Neutral
Biden to call for African Union to permanently join G-20,Neutral
When Everything You Touch Turns to Crime,Negative
Hawaii Tourism Authority emails show contract process concerns,Neutral
Voters Want Health Care. Listen to Them,Neutral
Senators call on Virginia to repeal constitutional ban on same-sex marriage,Neutral
Democrats Blew Their Chance with Sinema,Negative
"After midterms, GOP reconsidering antipathy to mail ballots",Neutral
How senators ‘defied political gravity’ on same-sex marriage,Negative
Why the Right Invented a Conservative Right to Post,Neutral
"'Things were supposed to get better': Former Lincoln Police officers say department, city leadership enabled wrongdoing for years",Negative
Judge to Hear Justice Dept. Contempt Request in Trump Documents Case,Neutral
Michigan GOP official: Shut down ‘by force’ public library with LGBTQ books,Neutral
"Florida’s ‘Don’t Say Gay’ attitude takes a beating in Congress — and at home. Go, karma! | Opinion",Negative
Critics Call It Theocratic and Authoritarian. Young Conservatives Call It an Exciting New Legal Theory. | ‘Common good constitutionalism’ has emerged as a leading contender to replace originalism as the dominant legal theory on the right.,Neutral
White House says it has 'every reason to expect' Kyrsten Sinema will keep working with Biden as she leaves the Democratic party,Neutral
"For the first time in his presidency, Biden’s approval rating on Main Street goes up",Positive
Ronna McDaniel locked down votes for RNC chair despite the midterm debacle. Here's how she did it.,Neutral
Inside the Supreme Court Case That Could Break American Democracy,Negative
Rep. Katie Porter probing possible bribery scheme involving Trump administration officials,Neutral
Texas bill would ban social media for children under 18,Neutral
Clarence Thomas might have just broken the law in the Supreme Court,Negative
"Big Oil has engaged in a long-running climate disinformation campaign while raking in record profits, lawmakers find",Neutral
"Election denial was roasted by WA voters, but it still brings in the bucks",Negative
House Republicans brace for doomsday scenario if McCarthy falls short of 218 votes for speaker,Neutral
First Gen Z congressman says he was rejected from Washington DC housing,Negative
Labor costs point to corporate profit as main inflation driver,Neutral
"Because of Wisconsin's abortion ban, one mother gave up trying for another child",Negative
"U.S. Senator Sinema leaves Democratic Party, saying she has ""never fit""",Negative
Democratic Sen. Sinema has registered as an independent,Neutral
Senate Democrats gear up for battle with corporate America,Neutral
Kyrsten Sinema leaves the Democratic Party | The announcement comes after years of a strained relationship with fellow Democrats.,Neutral
Kyrsten Sinema leaving Democratic Party and registering as an independent,Neutral
Sen. Kyrsten Sinema leaves Democratic Party and registers as an independent,Neutral
Former anti-abortion lobbyist testifies to House committee about ‘stealth missionaries’ at Supreme Court,Neutral
Senate Democrats plan to probe corporate abuses with new subpoena powers,Neutral
Why Does the GOP Elite Hate Its Own Base? - Opinion,Negative
Democrats and Republicans agree on this tech privacy bill. But can it pass?,Neutral
Kyrsten Sinema Says She Will Leave the Democratic Party,Neutral
Kyrsten Sinema goes independent days after Democrats secure senate majority,Neutral
"Sinema leaving Democratic Party, will register as independent",Neutral
"Sinema switches to independent, shaking up the Senate",Neutral
Sen. Kyrsten Sinema: Why I’m registering as an independent,Neutral
"Kyrsten Sinema leaves Democratic Party, registers as independent, cuts fragile margin in US Senate",Neutral
Sinema leaving the Democratic Party and registering as an independent,Neutral
Fauci: 'Low-life trolls harass my wife and kids',Negative
Justice Department 'demands Trump office be held in contempt' over classified documents,Neutral
The US government wants to stop the biggest deal in video game history,Negative
A tiny Wisconsin town tried to stop pollution from factory farms. Then it got sued.,Negative
War Industry 'Celebrating Christmas Early' as House Passes $858 Billion NDAA,Positive
Trump's Very Fine People,Positive
House passes annual defense funding bill,Neutral
Gun control a priority for Michigan Democrats. What studies say about reforms.,Neutral
Was the Anti-Abortion Influence Campaign an Open Secret at the Supreme Court?,Neutral
"Trump turned down Viktor Bout-for-Paul Whelan prisoner swap, John Bolton says",Neutral
Booker cites gap between Republican voters and GOP electeds in midterm failures,Negative
"Donald Trump Jr. slams Biden for securing ""America hating"" Griner's release",Negative
First Gen Z’er elected to Congress Maxwell Frost says he’s struggling to rent an apartment in D.C.,Neutral
Sunlight For America’s Great Unhealed Wound,Positive
"Nate Silver: Are The Democrats Screwed In The Senate After 2024? No, but the party faces an uphill battle",Negative
This Supreme Court case should worry anyone who cares about democracy,Negative
Donald Trump Is Out of Power — and Out of Luck | The ex-president is finally fair game for an entire legion of lawyers,Negative
"Hayes: Germany, Peru seem to take attempted coups more seriously than we do",Negative
"Jan. 6 committee considering criminal referrals for Trump, at least 4 others: reports",Neutral
Frustration swirls in House GOP over McCarthy Speakership opposition,Negative
Full list of Republicans who voted in support of same-sex marriage,Neutral
Sponsor of Florida’s ‘Don’t Say Gay’ law resigns following indictment for pandemic aid fraud,Negative
Attorney Claims Trump Would Have Immunity Even If He'd Said To 'Burn Congress Down',Neutral
It will take some complex math for McCarthy to actually be elected speaker of the House,Neutral
Inside the Herschel Walker campaign fiasco,Neutral
"Top Bernie Sanders adviser believes Sanders will give 2024 ""a hard look"" if Biden doesn't run",Neutral
"Florida legislator, who sponsored ‘Don’t Say Gay’ law, resigns amid federal fraud charges",Negative
Nationalize the Railroads,Neutral
Oklahoma petition to enshrine abortion rights withdrawn,Neutral
Ukrainian Accused of Election Interference Charged With Money Laundering,Negative
House Passes $858 Billion Defense Bill Repealing Vaccine Mandate for Troops,Neutral
Good news from Washington,Positive
How the Biden administration says the Brittney Griner prisoner swap happened,Neutral
Arkansas city elects 18-year-old as youngest Black mayor in US,Neutral
"Biden, DNC Urged to Make Diverse Swing State—Not South Carolina—First Primary Contest",Neutral
Alexandria Ocasio-Cortez is subject of House ethics investigation,Neutral
Trump Attacks Biden for Not Doing Something He Failed to Do Himself,Negative
DoJ seeking to hold Trump team in contempt of court over classified documents,Neutral
Florida lawmaker behind ‘Don’t Say Gay’ bill resigns after federal indictment for money laundering,Negative
Trump ally Sidney Powell asks court to overturn sanctions over election lawsuit,Neutral
Why the Far Right Is Fixated on Drag Queens,Negative
McCarthy taps Mike Gallagher to chair planned China Select Committee,Neutral
DOJ asks judge to hold Trump team in contempt as frustrations mount on records case: report,Negative
Texas judge tosses case against doctor who violated state abortion ban,Negative
Justice Department Asks for Trump’s Team to Be Held in Contempt of Court,Neutral
Biden announces release of nearly $36 billion to aid pensions of union workers,Neutral
House passes bill protecting same-sex and interracial marriages,Neutral
Former evangelical activist says he 'pushed the boundaries' in Supreme Court dealings,Neutral
"Key Democrats ask State, Defense for records on Kushner family business",Neutral
"Gov. Cox wants to give teachers a $6,000 salary hike, but it may hinge on the passage of school voucher legislation. Taxpayers could get a one-time rebate check under Cox’s budget proposal.",Neutral
What does woke mean? Whatever Governor DeSantis wants.,Neutral
"President Biden notches political, policy and diplomacy wins to cap year",Neutral
It's Time to Admit It: The Democrats' Gun Control Laws Are Racist | Opinion,Negative
Judicial security measure included in U.S. House-passed defense policy bill,Neutral
Democrats call on Musk to target hate speech on Twitter,Neutral
Comment,Neutral
Comment,Neutral
Comment,Neutral
Comment,Neutral
Comment,Neutral
Comment,Neutral
Comment,Neutral
Comment,Neutral
Comment,Neutral
Comment,Neutral
Comment,Neutral
Comment,Neutral
Comment,Neutral
Comment,Neutral
Comment,Neutral
Comment,Neutral
Comment,Neutral
Comment,Neutral
Comment,Neutral
Comment,Neutral
Comment,Neutral
Comment,Neutral
Comment,Neutral
Comment,Neutral
Comment,Neutral
Comment,Neutral
Comment,Neutral
Comment,Neutral
Comment,Neutral
Comment,Neutral
Comment,Neutral
Comment,Neutral
Comment,Neutral
Comment,Neutral
Comment,Neutral
Comment,Neutral
Comment,Neutral
Comment,Neutral
Comment,Neutral
Comment,Neutral
Comment,Neutral
Comment,Neutral
Comment,Neutral
Comment,Neutral
Comment,Neutral
Comment,Neutral
Comment,Neutral
Comment,Neutral
Comment,Neutral
Comment,Neutral
Comment,Neutral
Comment,Neutral
Comment,Neutral
Comment,Neutral
Comment,Neutral
Comment,Neutral
Comment,Neutral
Comment,Neutral
Comment,Neutral
Comment,Neutral
Comment,Neutral
Comment,Neutral
Comment,Neutral
Comment,Neutral
Comment,Neutral
Comment,Neutral
Comment,Neutral
Comment,Neutral
Comment,Neutral
Comment,Neutral
Comment,Neutral
Comment,Neutral
Comment,Neutral
Comment,Neutral
Comment,Neutral
Comment,Neutral
Comment,Neutral
Comment,Neutral
Comment,Neutral
Comment,Neutral
Comment,Neutral
Comment,Neutral
Comment,Neutral
Comment,Neutral
Comment,Neutral
Comment,Neutral
Comment,Neutral
Comment,Neutral
Comment,Neutral
Comment,Neutral
Comment,Neutral
Comment,Neutral
Comment,Neutral
Comment,Neutral
Comment,Neutral
Comment,Neutral
Comment,Neutral
Comment,Neutral
Comment,Neutral
Comment,Neutral
Comment,Neutral
Comment,Neutral
Comment,Neutral
Comment,Neutral
Comment,Neutral
Comment,Neutral
Comment,Neutral
Comment,Neutral
Comment,Neutral
Comment,Neutral
Comment,Neutral
Comment,Neutral
Comment,Neutral
Comment,Neutral
Comment,Neutral
Comment,Neutral
Comment,Neutral
Comment,Neutral
Comment,Neutral
Comment,Neutral
Comment,Neutral
Comment,Neutral
Comment,Neutral
Comment,Neutral
Comment,Neutral
Comment,Neutral
Comment,Neutral
Comment,Neutral
Comment,Neutral
Comment,Neutral
Comment,Neutral
Comment,Neutral
Comment,Neutral
Comment,Neutral
Comment,Neutral
Comment,Neutral
Comment,Neutral
Comment,Neutral
Comment,Neutral
Comment,Neutral
Comment,Neutral
Comment,Neutral
Comment,Neutral
Comment,Neutral
Comment,Neutral
Comment,Neutral
Comment,Neutral
Comment,Neutral
Comment,Neutral
Comment,Neutral
Comment,Neutral
Comment,Neutral
Comment,Neutral
Comment,Neutral
Comment,Neutral
Comment,Neutral
Comment,Neutral
Comment,Neutral
Comment,Neutral
Comment,Neutral
Comment,Neutral
Comment,Neutral
Comment,Neutral
Comment,Neutral
Comment,Neutral
Comment,Neutral
Comment,Neutral
Comment,Neutral
Comment,Neutral
Comment,Neutral
Comment,Neutral
Comment,Neutral
Comment,Neutral
Comment,Neutral
Comment,Neutral
Comment,Neutral
Comment,Neutral
Comment,Neutral
Comment,Neutral
Comment,Neutral
Comment,Neutral
Comment,Neutral
Comment,Neutral
Comment,Neutral
Comment,Neutral
Comment,Neutral
Comment,Neutral
Comment,Neutral
Comment,Neutral
Comment,Neutral
Comment,Neutral
Comment,Neutral
Comment,Neutral
Comment,Neutral
Comment,Neutral
Comment,Neutral
Comment,Neutral
Comment,Neutral
Comment,Neutral
Comment,Neutral
Comment,Neutral
Comment,Neutral
Comment,Neutral
Comment,Neutral
Comment,Neutral
Comment,Neutral
Comment,Neutral
Comment,Neutral
Comment,Neutral
Comment,Neutral
Comment,Neutral
Comment,Neutral
Comment,Neutral
Comment,Neutral
Comment,Neutral
Comment,Neutral
Comment,Neutral
Comment,Neutral
Comment,Neutral
Comment,Neutral
Comment,Neutral
Comment,Neutral
Comment,Neutral
Comment,Neutral
Comment,Neutral
Comment,Neutral
Comment,Neutral
Comment,Neutral
Comment,Neutral
Comment,Neutral
Comment,Neutral
Comment,Neutral
Comment,Neutral
Comment,Neutral
Comment,Neutral
Comment,Neutral
Comment,Neutral
Comment,Neutral
Comment,Neutral
Comment,Neutral
Comment,Neutral
Comment,Neutral
Comment,Neutral
Comment,Neutral
Comment,Neutral
Comment,Neutral
Comment,Neutral
Comment,Neutral
Comment,Neutral
Comment,Neutral
Comment,Neutral
Comment,Neutral
Comment,Neutral
Comment,Neutral
Comment,Neutral
Comment,Neutral
Comment,Neutral
Comment,Neutral
Comment,Neutral
Comment,Neutral
Comment,Neutral
Comment,Neutral
Comment,Neutral
Comment,Neutral
Comment,Neutral
Comment,Neutral
Comment,Neutral
Comment,Neutral
Comment,Neutral
Comment,Neutral
Comment,Neutral
Comment,Neutral
Comment,Neutral
Comment,Neutral
Comment,Neutral
Comment,Neutral
Comment,Neutral
Comment,Neutral
Comment,Neutral
Comment,Neutral
Comment,Neutral
Comment,Neutral
Comment,Neutral
Comment,Neutral
Comment,Neutral
Comment,Neutral
Comment,Neutral
Comment,Neutral
Comment,Neutral
Comment,Neutral
Comment,Neutral
Comment,Neutral
Comment,Neutral
Comment,Neutral
Comment,Neutral
Comment,Neutral
Comment,Neutral
Comment,Neutral
Comment,Neutral
Comment,Neutral
Comment,Neutral
Comment,Neutral
Comment,Neutral
Comment,Neutral
Comment,Neutral
Comment,Neutral
Comment,Neutral
Comment,Neutral
Comment,Neutral
Comment,Neutral
Comment,Neutral
Comment,Neutral
Comment,Neutral
Comment,Neutral
Comment,Neutral
Comment,Neutral
Comment,Neutral
Comment,Neutral
Comment,Neutral
Comment,Neutral
Comment,Neutral
Comment,Neutral
Comment,Neutral
Comment,Neutral
Comment,Neutral
Comment,Neutral
Comment,Neutral
Comment,Neutral
Comment,Neutral
Comment,Neutral
Comment,Neutral
Comment,Neutral
Comment,Neutral
Comment,Neutral
Comment,Neutral
Comment,Neutral
Comment,Neutral
Comment,Neutral
Comment,Neutral
Comment,Neutral
Comment,Neutral
Comment,Neutral
Comment,Neutral
Comment,Neutral
Comment,Neutral
Comment,Neutral
Comment,Neutral
Comment,Neutral
Comment,Neutral
Comment,Neutral
Comment,Neutral
Comment,Neutral
Comment,Neutral
Comment,Neutral
Comment,Neutral
Comment,Neutral
Comment,Neutral
Comment,Neutral
Comment,Neutral
Comment,Neutral
Comment,Neutral
Comment,Neutral
Comment,Neutral
Comment,Neutral
Comment,Neutral
Comment,Neutral
Comment,Neutral
Comment,Neutral
Comment,Neutral
Comment,Neutral
Comment,Neutral
Comment,Neutral
Comment,Neutral
Comment,Neutral
Comment,Neutral
Comment,Neutral
Comment,Neutral
Comment,Neutral
Comment,Neutral
Comment,Neutral
Comment,Neutral
Comment,Neutral
Comment,Neutral
Comment,Neutral
Comment,Neutral
Comment,Neutral
Comment,Neutral
Comment,Neutral
Comment,Neutral
Comment,Neutral
Comment,Neutral
Comment,Neutral
Comment,Neutral
Comment,Neutral
Comment,Neutral
Comment,Neutral
Comment,Neutral
Comment,Neutral
Comment,Neutral
Comment,Neutral
Comment,Neutral
Comment,Neutral
Comment,Neutral
Comment,Neutral
Comment,Neutral
Comment,Neutral
Comment,Neutral
Comment,Neutral
Comment,Neutral
Comment,Neutral
Comment,Neutral
Comment,Neutral
Comment,Neutral
Comment,Neutral
Comment,Neutral
Comment,Neutral
Comment,Neutral
Comment,Neutral
Comment,Neutral
Comment,Neutral
Comment,Neutral
Comment,Neutral
Comment,Neutral
Comment,Neutral
Comment,Neutral
Comment,Neutral
Comment,Neutral
Comment,Neutral
Comment,Neutral
Comment,Neutral
Comment,Neutral
Comment,Neutral
Comment,Neutral
Comment,Neutral
Comment,Neutral
Comment,Neutral
Comment,Neutral
Comment,Neutral
Comment,Neutral
Comment,Neutral
Comment,Neutral
Comment,Neutral
Comment,Neutral
Comment,Neutral
Comment,Neutral
Comment,Neutral
Comment,Neutral
Comment,Neutral
Comment,Neutral
Comment,Neutral
Comment,Neutral
Comment,Neutral
Comment,Neutral
Comment,Neutral
Comment,Neutral
Comment,Neutral
Comment,Neutral
Comment,Neutral
Comment,Neutral
Comment,Neutral
Comment,Neutral
Comment,Neutral
Comment,Neutral
Comment,Neutral
Comment,Neutral
Comment,Neutral
Comment,Neutral
Comment,Neutral
Comment,Neutral
Comment,Neutral
Comment,Neutral
Comment,Neutral
Comment,Neutral
Comment,Neutral
Comment,Neutral
Comment,Neutral
Comment,Neutral
Comment,Neutral
Comment,Neutral
Comment,Neutral
Comment,Neutral
Comment,Neutral
Comment,Neutral
Comment,Neutral
Comment,Neutral
Comment,Neutral
Comment,Neutral
Comment,Neutral
Comment,Neutral
Comment,Neutral
Comment,Neutral
Comment,Neutral
Comment,Neutral
Comment,Neutral
Comment,Neutral
Comment,Neutral
Comment,Neutral
Comment,Neutral
Comment,Neutral
Comment,Neutral
Comment,Neutral
Comment,Neutral
Comment,Neutral
Comment,Neutral
Comment,Neutral
Comment,Neutral
Comment,Neutral
Comment,Neutral
Comment,Neutral
Comment,Neutral
Comment,Neutral
Comment,Neutral
Comment,Neutral
Comment,Neutral
Comment,Neutral
Comment,Neutral
Comment,Neutral
Comment,Neutral
Comment,Neutral
Comment,Neutral
Comment,Neutral
Comment,Neutral
Comment,Neutral
Comment,Neutral
Comment,Neutral
Comment,Neutral
Comment,Neutral
Comment,Neutral
Comment,Neutral
Comment,Neutral
Comment,Neutral
Comment,Neutral
Comment,Neutral
Comment,Neutral
Comment,Neutral
Comment,Neutral
Comment,Neutral
Comment,Neutral
Comment,Neutral
Comment,Neutral
Comment,Neutral
Comment,Neutral
Comment,Neutral
Comment,Neutral
Comment,Neutral
Comment,Neutral
Comment,Neutral
Comment,Neutral
Comment,Neutral
Comment,Neutral
Comment,Neutral
Comment,Neutral
Comment,Neutral
Comment,Neutral
Comment,Neutral
Comment,Neutral
Comment,Neutral
Comment,Neutral
Comment,Neutral
Comment,Neutral
Comment,Neutral
Comment,Neutral
Comment,Neutral
Comment,Neutral
Comment,Neutral
Comment,Neutral
Comment,Neutral
Comment,Neutral
Comment,Neutral
Comment,Neutral
Comment,Neutral
Comment,Neutral
Comment,Neutral
Comment,Neutral
Comment,Neutral
Comment,Neutral
Comment,Neutral
Comment,Neutral
Comment,Neutral
Comment,Neutral
Comment,Neutral
Comment,Neutral
Comment,Neutral
Comment,Neutral
Comment,Neutral
Comment,Neutral
Comment,Neutral
Comment,Neutral
Comment,Neutral
Comment,Neutral
Comment,Neutral
Comment,Neutral
Comment,Neutral
Comment,Neutral
Comment,Neutral
Comment,Neutral
Comment,Neutral
Comment,Neutral
Comment,Neutral
Comment,Neutral
Comment,Neutral
Comment,Neutral
Comment,Neutral
Comment,Neutral
Comment,Neutral
Comment,Neutral
Comment,Neutral
Comment,Neutral
Comment,Neutral
Comment,Neutral
Comment,Neutral
Comment,Neutral
Comment,Neutral
Comment,Neutral
Comment,Neutral
Comment,Neutral
Comment,Neutral
Comment,Neutral
Comment,Neutral
Comment,Neutral
Comment,Neutral
Comment,Neutral
Comment,Neutral
Comment,Neutral
Comment,Neutral
Comment,Neutral
Comment,Neutral
Comment,Neutral
Comment,Neutral
Comment,Neutral
Comment,Neutral
Comment,Neutral
Comment,Neutral
Comment,Neutral
Comment,Neutral
Comment,Neutral
Comment,Neutral
Comment,Neutral
Comment,Neutral
Comment,Neutral
Comment,Neutral
Comment,Neutral
Comment,Neutral
Comment,Neutral
Comment,Neutral
Comment,Neutral
Comment,Neutral
Comment,Neutral
Comment,Neutral
Comment,Neutral
Comment,Neutral
Comment,Neutral
Comment,Neutral
Comment,Neutral
Comment,Neutral
Comment,Neutral
Comment,Neutral
Comment,Neutral
Comment,Neutral
Comment,Neutral
Comment,Neutral
Comment,Neutral
Comment,Neutral
Comment,Neutral
Comment,Neutral
Comment,Neutral
Comment,Neutral
Comment,Neutral
Comment,Neutral
Comment,Neutral
Comment,Neutral
Comment,Neutral
Comment,Neutral
Comment,Neutral
Comment,Neutral
Comment,Neutral
Comment,Neutral
Comment,Neutral
Comment,Neutral
Comment,Neutral
Comment,Neutral
Comment,Neutral
Comment,Neutral
Comment,Neutral
Comment,Neutral
Comment,Neutral
Comment,Neutral
Comment,Neutral
Comment,Neutral
Comment,Neutral
Comment,Neutral
Comment,Neutral
Comment,Neutral
Comment,Neutral
Comment,Neutral
Comment,Neutral
Comment,Neutral
Comment,Neutral
Comment,Neutral
Comment,Neutral
Comment,Neutral
Comment,Neutral
Comment,Neutral
Comment,Neutral
Comment,Neutral
Comment,Neutral
Comment,Neutral
Comment,Neutral
Comment,Neutral
Comment,Neutral
Comment,Neutral
Comment,Neutral
Comment,Neutral
Comment,Neutral
Comment,Neutral
Comment,Neutral
Comment,Neutral
Comment,Neutral
Comment,Neutral
Comment,Neutral
Comment,Neutral
Comment,Neutral
Comment,Neutral
Comment,Neutral
Comment,Neutral
Comment,Neutral
Comment,Neutral
Comment,Neutral
Comment,Neutral
Comment,Neutral
Comment,Neutral
Comment,Neutral
Comment,Neutral
Comment,Neutral
Comment,Neutral
Comment,Neutral
Comment,Neutral
Comment,Neutral
Comment,Neutral
Comment,Neutral
Comment,Neutral
Comment,Neutral
Comment,Neutral
Comment,Neutral
Comment,Neutral
Comment,Neutral
Comment,Neutral
Comment,Neutral
Comment,Neutral
Comment,Neutral
Comment,Neutral
Comment,Neutral
Comment,Neutral
Comment,Neutral
Comment,Neutral
Comment,Neutral
Comment,Neutral
Comment,Neutral
Comment,Neutral
Comment,Neutral
Comment,Neutral
Comment,Neutral
Comment,Neutral
Comment,Neutral
Comment,Neutral
Comment,Neutral
Comment,Neutral
Comment,Neutral
Comment,Neutral
Comment,Neutral
Comment,Neutral
Comment,Neutral
Comment,Neutral
Comment,Neutral
Comment,Neutral
Comment,Neutral
Comment,Neutral
Comment,Neutral
Comment,Neutral
Comment,Neutral
Comment,Neutral
Comment,Neutral
Comment,Neutral
Comment,Neutral
Comment,Neutral
Comment,Neutral
Comment,Neutral
Comment,Neutral
Comment,Neutral
Comment,Neutral
Comment,Neutral
Comment,Neutral
Comment,Neutral
Comment,Neutral
Comment,Neutral
Comment,Neutral
Comment,Neutral
Comment,Neutral
Comment,Neutral
Comment,Neutral
Comment,Neutral
Comment,Neutral
Comment,Neutral
Comment,Neutral
Comment,Neutral
Comment,Neutral
Comment,Neutral
Comment,Neutral
Comment,Neutral
Comment,Neutral
Comment,Neutral
Comment,Neutral
Comment,Neutral
Comment,Neutral
Comment,Neutral
Comment,Neutral
Comment,Neutral
Comment,Neutral
Comment,Neutral
Comment,Neutral
Comment,Neutral
Comment,Neutral
Comment,Neutral
Comment,Neutral
Comment,Neutral
Comment,Neutral
Comment,Neutral
Comment,Neutral
Comment,Neutral
Comment,Neutral
Comment,Neutral
Comment,Neutral
Comment,Neutral
Comment,Neutral
Comment,Neutral
Comment,Neutral
Comment,Neutral
Comment,Neutral
Comment,Neutral
Comment,Neutral
Comment,Neutral
Comment,Neutral
Comment,Neutral
Comment,Neutral
Comment,Neutral
Comment,Neutral
Comment,Neutral
Comment,Neutral
Comment,Neutral
Comment,Neutral
Comment,Neutral
Comment,Neutral
Comment,Neutral
Comment,Neutral
Comment,Neutral
Comment,Neutral
Comment,Neutral
Comment,Neutral
Comment,Neutral
Comment,Neutral
Comment,Neutral
Comment,Neutral
Comment,Neutral
Comment,Neutral
Comment,Neutral
Comment,Neutral
Comment,Neutral
Comment,Neutral
Comment,Neutral
Comment,Neutral
Comment,Neutral
Comment,Neutral
Comment,Neutral
Comment,Neutral
Comment,Neutral
Comment,Neutral
Comment,Neutral
Comment,Neutral
Comment,Neutral
Comment,Neutral
Comment,Neutral
Comment,Neutral
Comment,Neutral
Comment,Neutral
Comment,Neutral
Comment,Neutral
Comment,Neutral
Comment,Neutral
Comment,Neutral
Comment,Neutral
Comment,Neutral
Comment,Neutral
Comment,Neutral
Comment,Neutral
Comment,Neutral
Comment,Neutral
Comment,Neutral
Comment,Neutral
Comment,Neutral
Comment,Neutral
Comment,Neutral
Comment,Neutral
Comment,Neutral
Comment,Neutral
Comment,Neutral
Comment,Neutral
Comment,Neutral
Comment,Neutral
Comment,Neutral
Comment,Neutral
Comment,Neutral
Comment,Neutral
Comment,Neutral
Comment,Neutral
Comment,Neutral
Comment,Neutral
Comment,Neutral
Comment,Neutral
Comment,Neutral
Comment,Neutral
Comment,Neutral
Comment,Neutral
Comment,Neutral
Comment,Neutral
